ECR_ID,Product_Type,Component_Name,Change_Type,Change_Complexity,Supplier_Criticality,Past_Similar_Changes,Team_Experience_Level,BOM_Depth,Urgency,Approval_Time_Days,Parts_Affected,Risk_Score
ECR_1000,Chassis,Frame,Design,4,5,2,3,1,Medium,20,4,0.36265230134471327
ECR_1001,Display,Frame,Supplier,2,1,1,5,5,Medium,3,13,0.32221437619616483
ECR_1002,PCB,Frame,Design,10,3,2,5,6,High,16,18,0.3930591301322796
ECR_1003,Display,Frame,Design,5,2,0,1,2,Medium,15,5,0.33977142496660073
ECR_1004,Display,Sensor,Process,3,2,2,2,2,High,7,2,0.33265798013617615
ECR_1005,Battery,Sensor,Process,9,3,2,5,2,Medium,17,9,0.3820036855436223
ECR_1006,PCB,Cell,Supplier,4,2,1,5,1,Low,8,3,0.3342962195817604
ECR_1007,PCB,Valve,Design,6,1,0,1,4,Low,14,11,0.3409499331961432
ECR_1008,PCB,Frame,Design,2,1,3,2,7,High,5,15,0.3375987824007544
ECR_1009,Display,Cell,Design,6,3,6,4,6,High,12,16,0.3819493185117533
ECR_1010,Chassis,Valve,Supplier,3,2,1,4,2,Low,8,5,0.32737889892941063
ECR_1011,PCB,Controller,Supplier,9,1,2,2,1,Low,19,4,0.3500935224876067
ECR_1012,Display,Connector,Supplier,2,1,2,3,1,Medium,8,1,0.31058611045117834
ECR_1013,Battery,Sensor,Supplier,9,4,2,1,4,Low,24,10,0.38916805530266785
ECR_1014,Chassis,Controller,Supplier,5,4,2,2,5,High,14,13,0.3724546730502104
ECR_1015,Battery,Valve,Process,8,1,2,4,5,Low,13,11,0.34476787739533765
ECR_1016,Chassis,Controller,Design,2,3,1,5,7,High,3,12,0.362698755621004
ECR_1017,Display,Connector,Design,6,5,4,4,7,High,17,14,0.3947393511849496
ECR_1018,Engine,Valve,Design,3,5,3,5,2,Medium,12,5,0.35290816200117575
ECR_1019,Chassis,Controller,Design,10,1,0,1,7,Medium,18,13,0.38123887350942925
ECR_1020,Battery,Sensor,Design,5,1,2,5,2,Medium,12,7,0.33514771438978885
ECR_1021,Display,Sensor,Design,8,1,2,2,6,Medium,15,13,0.35651595955953636
ECR_1022,Chassis,Cell,Design,10,3,3,5,7,Low,17,19,0.4050169775382351
ECR_1023,Engine,Controller,Design,1,4,1,3,4,Medium,13,8,0.3454839703843582
ECR_1024,Engine,Frame,Process,5,1,2,2,2,Low,6,6,0.3332446552801646
ECR_1025,PCB,Controller,Design,3,1,0,1,4,Medium,11,8,0.33289474601950914
ECR_1026,PCB,Valve,Process,4,2,3,2,1,Medium,16,2,0.32896678275775704
ECR_1027,Battery,Valve,Supplier,2,3,3,3,2,High,6,3,0.3351493646728075
ECR_1028,Chassis,Controller,Design,9,1,2,1,1,Low,16,7,0.34301899838261135
ECR_1029,Chassis,Connector,Supplier,3,2,0,4,3,High,8,8,0.3363176862846375
ECR_1030,PCB,Sensor,Supplier,2,5,3,3,4,Medium,13,9,0.3662735304650764
ECR_1031,Chassis,Valve,Supplier,10,1,2,1,3,Low,21,11,0.3553805739800965
ECR_1032,Chassis,Sensor,Process,9,1,4,5,2,Medium,11,8,0.34321084038429917
ECR_1033,Engine,Valve,Supplier,7,2,1,2,1,High,16,7,0.3500417709159524
ECR_1034,PCB,Cell,Supplier,6,3,3,1,2,Low,19,5,0.3560200534032725
ECR_1035,Display,Frame,Supplier,1,1,2,2,3,High,4,5,0.3193491814149129
ECR_1036,PCB,Valve,Design,5,5,4,5,2,Medium,22,6,0.36664798110178015
ECR_1037,Display,Sensor,Design,3,1,0,1,6,Medium,12,12,0.3358778078110261
ECR_1038,Engine,Cell,Process,1,5,2,4,5,Medium,13,8,0.3599408153606507
ECR_1039,Battery,Valve,Process,4,4,1,3,3,Low,13,9,0.35909621211014886
ECR_1040,Chassis,Connector,Design,2,4,1,1,2,High,10,3,0.34616223143793956
ECR_1041,Engine,Frame,Process,2,5,1,5,1,High,12,0,0.3472808756639628
ECR_1042,Chassis,Valve,Design,3,3,0,1,2,Medium,11,5,0.34782412291165865
ECR_1043,Battery,Cell,Supplier,8,1,1,2,1,High,11,6,0.33678926103559653
ECR_1044,Battery,Connector,Supplier,8,1,2,1,5,Low,15,16,0.3612439806773959
ECR_1045,Engine,Controller,Process,7,4,3,4,2,Medium,20,5,0.3655847845550156
ECR_1046,Battery,Cell,Design,6,5,5,1,7,Medium,25,18,0.3966344000125451
ECR_1047,Display,Cell,Design,9,1,3,3,7,Medium,18,17,0.3745683120482604
ECR_1048,Battery,Connector,Process,4,1,2,1,5,Low,9,14,0.3358368196963169
ECR_1049,Chassis,Cell,Design,1,3,4,2,3,Medium,11,7,0.3354470772402976
ECR_1050,Chassis,Connector,Supplier,8,2,3,1,1,Medium,17,4,0.352201254568112
ECR_1051,Chassis,Valve,Process,7,4,2,4,7,Medium,20,16,0.400466872145151
ECR_1052,Chassis,Connector,Process,7,4,1,5,6,Medium,19,19,0.3846004852855413
ECR_1053,Display,Connector,Design,3,2,1,1,3,High,11,7,0.3358392115279116
ECR_1054,PCB,Frame,Process,4,1,4,1,1,Medium,7,4,0.3196902593725419
ECR_1055,Engine,Connector,Design,10,3,5,3,5,Low,22,13,0.3807590937027037
ECR_1056,Chassis,Connector,Design,9,3,1,4,7,Medium,24,12,0.3893560645170271
ECR_1057,Battery,Controller,Design,6,4,3,5,4,Medium,17,9,0.37737473642942676
ECR_1058,Chassis,Valve,Design,5,3,2,2,2,High,13,6,0.34323671593007676
ECR_1059,Battery,Frame,Design,3,2,1,1,5,Medium,10,12,0.34463289759655946
ECR_1060,Battery,Controller,Process,9,1,2,5,1,High,16,6,0.3343877875158735
ECR_1061,Chassis,Sensor,Supplier,5,2,1,2,1,Low,12,4,0.33448523816036346
ECR_1062,Display,Valve,Supplier,5,5,2,4,1,High,14,4,0.354732455443903
ECR_1063,Battery,Valve,Process,4,4,1,4,1,Medium,16,5,0.34697710728646863
ECR_1064,Battery,Sensor,Process,4,3,0,5,2,Low,12,6,0.3428113063910876
ECR_1065,Chassis,Connector,Supplier,1,5,2,2,3,Medium,17,7,0.35561512781264076
ECR_1066,Battery,Controller,Supplier,7,3,1,4,6,High,11,18,0.37873724440045076
ECR_1067,Battery,Cell,Supplier,9,1,2,5,4,Low,15,12,0.35382049727020526
ECR_1068,Chassis,Frame,Supplier,3,1,3,4,2,Low,8,5,0.3139139250443226
ECR_1069,Chassis,Cell,Supplier,2,1,0,4,1,High,2,4,0.3019294569886699
ECR_1070,Engine,Sensor,Design,3,3,0,4,2,High,8,4,0.34103242752211727
ECR_1071,Display,Valve,Process,1,5,2,3,5,Low,16,12,0.36581176599131116
ECR_1072,Display,Valve,Design,6,1,1,2,6,Low,9,12,0.35834704107391907
ECR_1073,Battery,Frame,Supplier,7,5,2,5,1,High,16,3,0.3724992917348169
ECR_1074,Display,Valve,Supplier,2,3,3,5,4,Medium,10,10,0.3363282830563781
ECR_1075,Battery,Valve,Supplier,8,5,2,2,1,Low,25,5,0.3784200035286913
ECR_1076,Engine,Frame,Design,6,3,3,2,6,High,21,17,0.37505523496219445
ECR_1077,Chassis,Controller,Design,4,3,3,2,4,Medium,15,10,0.3491762550383314
ECR_1078,Chassis,Controller,Supplier,5,4,3,2,6,Low,16,12,0.37465080151942254
ECR_1079,Chassis,Frame,Design,8,3,2,1,4,Low,15,12,0.3772546154287879
ECR_1080,Display,Sensor,Design,3,3,0,5,3,High,8,8,0.3455031077310509
ECR_1081,Engine,Valve,Supplier,3,2,2,1,7,Medium,11,14,0.36066434711860024
ECR_1082,Display,Valve,Design,4,1,2,4,3,Low,12,7,0.33861050404247667
ECR_1083,Display,Sensor,Process,1,4,2,4,2,Medium,10,2,0.3324859568198259
ECR_1084,Engine,Controller,Process,9,4,3,5,2,Medium,22,11,0.37790566172195744
ECR_1085,Engine,Connector,Process,8,4,1,4,4,Low,21,10,0.38561817233510176
ECR_1086,Engine,Connector,Process,8,2,2,2,1,Medium,19,6,0.3518178669961463
ECR_1087,Engine,Connector,Supplier,10,3,0,1,7,Low,24,15,0.4050794059210787
ECR_1088,Chassis,Controller,Supplier,6,1,0,2,5,Medium,17,13,0.3536431248218311
ECR_1089,PCB,Controller,Supplier,7,5,2,4,5,Low,19,16,0.40069215058280816
ECR_1090,PCB,Sensor,Process,6,3,3,1,1,High,16,3,0.3503068010317533
ECR_1091,Engine,Valve,Process,9,2,1,2,1,Low,20,6,0.35185748126541244
ECR_1092,PCB,Sensor,Design,3,3,1,5,3,Low,11,9,0.3547497825969367
ECR_1093,PCB,Sensor,Design,3,3,4,2,5,Low,13,12,0.3557666258963113
ECR_1094,Engine,Controller,Process,3,2,1,4,4,Medium,11,8,0.33879076254998264
ECR_1095,PCB,Connector,Process,10,4,2,1,6,High,23,17,0.3996389034241248
ECR_1096,Display,Cell,Process,3,4,0,5,2,Medium,13,5,0.35079734207218827
ECR_1097,Battery,Valve,Process,9,1,4,1,6,Medium,17,17,0.3750224501318491
ECR_1098,Battery,Controller,Design,4,1,3,5,3,Low,4,9,0.327497673024403
ECR_1099,Engine,Connector,Process,7,4,2,1,5,Medium,23,14,0.38433310225800393
ECR_1100,Chassis,Cell,Design,9,5,2,4,7,Low,26,16,0.41624578220771724
ECR_1101,Engine,Cell,Process,7,3,3,5,1,High,10,6,0.357360873847812
ECR_1102,Chassis,Controller,Process,9,5,3,3,7,Medium,28,19,0.4137008244194982
ECR_1103,Battery,Frame,Process,3,3,1,1,7,Medium,16,18,0.3630319540074462
ECR_1104,Engine,Valve,Design,4,4,3,1,5,Medium,19,14,0.36744618990269184
ECR_1105,Display,Cell,Design,8,1,3,2,4,Low,13,10,0.34946701804616703
ECR_1106,PCB,Controller,Supplier,6,1,0,5,3,Low,10,10,0.3361491098132975
ECR_1107,Chassis,Controller,Process,5,5,4,3,1,Medium,18,4,0.3610146662073027
ECR_1108,PCB,Connector,Supplier,4,1,4,4,6,Medium,11,15,0.3372891145777859
ECR_1109,PCB,Frame,Supplier,8,4,2,2,4,High,21,9,0.38996472334879045
ECR_1110,Engine,Valve,Design,1,5,2,3,6,High,16,12,0.3717978386914408
ECR_1111,PCB,Sensor,Design,9,3,2,5,2,High,13,8,0.37071113558329594
ECR_1112,Display,Connector,Supplier,1,1,0,3,3,High,2,7,0.3215227399240695
ECR_1113,PCB,Cell,Process,8,2,2,1,4,High,11,13,0.36858923691319373
ECR_1114,Engine,Cell,Design,4,1,2,1,4,Low,13,10,0.33105192171706294
ECR_1115,Display,Connector,Process,9,3,3,2,6,High,22,15,0.3958669553065835
ECR_1116,Battery,Controller,Process,5,5,0,5,1,High,17,5,0.36986130758739943
ECR_1117,PCB,Cell,Supplier,3,3,1,5,2,Medium,12,4,0.33441039168211545
ECR_1118,Engine,Frame,Supplier,9,2,3,3,6,Low,14,16,0.3845139053430058
ECR_1119,Battery,Valve,Supplier,9,4,3,2,4,High,19,12,0.3876637521395039
ECR_1120,Battery,Frame,Supplier,4,1,4,5,3,High,8,6,0.33498574119471736
ECR_1121,Chassis,Cell,Design,4,5,0,1,4,High,15,6,0.37331026616465524
ECR_1122,Display,Sensor,Design,8,4,3,3,5,Medium,20,14,0.3873333363864227
ECR_1123,PCB,Valve,Supplier,2,3,1,4,3,Medium,8,5,0.33784862939155264
ECR_1124,Engine,Valve,Design,9,5,2,1,3,Medium,26,10,0.3901391589692548
ECR_1125,Chassis,Connector,Supplier,6,4,5,2,4,High,17,7,0.36759821860998554
ECR_1126,Display,Connector,Process,9,5,0,5,1,Medium,26,6,0.372505012700762
ECR_1127,Chassis,Sensor,Process,8,2,1,1,3,High,14,9,0.3547266350000037
ECR_1128,Display,Controller,Process,7,2,3,4,5,Low,15,13,0.3781531164011033
ECR_1129,Display,Valve,Supplier,1,1,3,4,6,High,1,10,0.3323913044436376
ECR_1130,PCB,Sensor,Process,3,1,1,2,1,Medium,10,1,0.32432111304396205
ECR_1131,Display,Connector,Design,2,2,0,1,1,Low,9,3,0.31840899704456804
ECR_1132,Chassis,Connector,Process,5,5,3,3,1,High,16,5,0.36265839241261766
ECR_1133,Display,Valve,Process,5,2,3,1,3,Low,14,9,0.35358270328760427
ECR_1134,PCB,Frame,Process,5,1,0,4,1,Low,6,4,0.3268788121417541
ECR_1135,PCB,Cell,Design,4,2,2,2,4,Low,11,12,0.3402236225065359
ECR_1136,Chassis,Connector,Supplier,5,2,0,2,1,High,9,4,0.3381645874224935
ECR_1137,Battery,Controller,Design,3,5,4,3,5,Medium,18,11,0.38125442309306573
ECR_1138,Battery,Controller,Supplier,1,4,0,2,2,High,10,3,0.332860637834207
ECR_1139,Display,Connector,Supplier,5,1,2,2,5,Medium,9,13,0.3473232916590534
ECR_1140,Engine,Frame,Process,9,5,1,2,3,High,23,10,0.3881913761171218
ECR_1141,Display,Frame,Supplier,9,2,0,2,1,High,17,7,0.36098377662154474
ECR_1142,Chassis,Sensor,Design,4,2,1,2,1,High,9,4,0.33115349215960765
ECR_1143,Chassis,Controller,Design,3,4,2,4,4,Medium,12,6,0.36314830579438107
ECR_1144,Chassis,Sensor,Supplier,1,1,5,1,6,High,4,14,0.3289127803231001
ECR_1145,Chassis,Controller,Process,2,1,1,5,1,Low,7,1,0.30109198785388336
ECR_1146,Chassis,Cell,Process,8,3,3,2,7,High,17,16,0.3877928391988582
ECR_1147,PCB,Cell,Design,1,1,1,5,5,Low,4,9,0.3296491976198622
ECR_1148,Battery,Valve,Process,8,4,5,5,3,Medium,19,11,0.3899681439125926
ECR_1149,Chassis,Sensor,Supplier,7,3,2,4,2,Medium,18,7,0.3614114504494434
ECR_1150,Engine,Connector,Supplier,8,3,0,2,1,High,14,6,0.35656823711093905
ECR_1151,Engine,Sensor,Design,6,2,1,5,2,High,9,6,0.34767851389133714
ECR_1152,Engine,Connector,Supplier,9,2,2,2,1,High,15,5,0.3591994736714292
ECR_1153,Engine,Frame,Design,3,1,0,3,3,Low,8,9,0.32566376869037533
ECR_1154,PCB,Sensor,Supplier,10,3,1,3,6,Medium,23,21,0.3953560710366606
ECR_1155,Engine,Frame,Design,4,2,3,3,5,Low,11,11,0.35106804129160163
ECR_1156,Chassis,Cell,Process,6,4,0,5,3,Low,15,8,0.37021775188716
ECR_1157,Display,Cell,Supplier,8,2,0,3,2,High,17,9,0.3564889048158532
ECR_1158,Engine,Valve,Supplier,5,2,2,4,1,High,10,3,0.3441378162603695
ECR_1159,PCB,Sensor,Design,3,3,2,4,2,Low,12,5,0.3298334846719748
ECR_1160,PCB,Frame,Design,6,3,2,5,5,Low,14,16,0.3688077215279056
ECR_1161,Engine,Connector,Supplier,4,5,4,2,7,High,18,18,0.38533822936587836
ECR_1162,Display,Cell,Design,9,4,3,1,3,High,21,11,0.39090401530283114
ECR_1163,Engine,Cell,Supplier,3,3,1,2,2,Low,12,5,0.3392955891517281
ECR_1164,PCB,Connector,Process,4,1,3,2,2,High,7,4,0.3277985238776699
ECR_1165,Battery,Frame,Design,7,4,1,2,5,High,16,12,0.39213653388912934
ECR_1166,Chassis,Frame,Supplier,7,4,3,2,7,Low,18,18,0.389594951971935
ECR_1167,PCB,Sensor,Process,4,3,3,1,1,Low,15,4,0.33736241181058424
ECR_1168,Engine,Sensor,Process,6,4,2,3,7,Medium,22,19,0.396620411849393
ECR_1169,Chassis,Controller,Supplier,3,3,3,2,2,Low,11,5,0.3343946860932978
ECR_1170,Engine,Controller,Design,6,2,2,4,5,High,12,10,0.35753109824758816
ECR_1171,Engine,Valve,Supplier,2,5,3,5,1,Low,13,2,0.3419982225017879
ECR_1172,Battery,Cell,Process,8,2,1,5,7,Low,11,18,0.3868168167503678
ECR_1173,Chassis,Sensor,Supplier,2,3,3,4,7,Low,11,14,0.3570937671820961
ECR_1174,Chassis,Frame,Design,7,3,2,2,7,Medium,23,15,0.38675580233523554
ECR_1175,Battery,Connector,Process,9,2,4,1,6,Medium,18,15,0.3833799016212198
ECR_1176,PCB,Frame,Supplier,1,1,3,3,1,High,0,2,0.30098381564791954
ECR_1177,Engine,Cell,Design,8,1,1,5,7,Medium,14,15,0.3604799995915158
ECR_1178,Display,Controller,Process,7,1,1,3,6,Low,12,16,0.3589026795132762
ECR_1179,Engine,Frame,Design,6,3,2,1,3,Medium,18,7,0.3588208611837714
ECR_1180,Engine,Valve,Process,6,4,4,5,5,Low,18,13,0.3796974826070131
ECR_1181,PCB,Cell,Supplier,6,3,2,3,7,Medium,17,16,0.3797250850385282
ECR_1182,Engine,Controller,Design,9,4,3,1,1,Medium,27,6,0.37250613578833414
ECR_1183,Battery,Connector,Process,2,2,1,3,6,Medium,10,15,0.3423123134907634
ECR_1184,Battery,Controller,Design,1,5,2,2,6,Low,17,11,0.3714885176440739
ECR_1185,Chassis,Valve,Design,6,4,4,1,3,Medium,20,7,0.3658807130498516
ECR_1186,Display,Cell,Supplier,10,1,4,3,4,Low,21,10,0.36452338275954843
ECR_1187,Engine,Connector,Design,8,3,1,2,5,Low,22,11,0.3771852063429526
ECR_1188,Engine,Valve,Process,3,2,3,2,4,High,9,8,0.3414780262182162
ECR_1189,PCB,Controller,Process,10,1,0,1,1,Medium,25,7,0.35554288140159135
ECR_1190,Battery,Valve,Process,1,2,2,4,5,High,5,12,0.34074688886559507
ECR_1191,Display,Cell,Process,9,5,5,5,3,High,18,11,0.40144645436268833
ECR_1192,Chassis,Sensor,Supplier,1,3,1,1,1,Low,11,3,0.3233295361232894
ECR_1193,Battery,Valve,Design,3,3,2,2,5,Medium,13,12,0.3537497650408442
ECR_1194,Chassis,Valve,Supplier,8,5,2,2,5,Low,25,12,0.39365523843270905
ECR_1195,PCB,Controller,Design,3,3,0,1,4,Low,16,12,0.3482872548608387
ECR_1196,PCB,Controller,Design,4,4,3,4,1,Medium,17,3,0.3484658108802607
ECR_1197,Engine,Connector,Design,8,2,1,5,3,Low,14,10,0.3569142618219028
ECR_1198,Display,Controller,Supplier,1,1,4,3,3,Medium,3,5,0.31189103428288634
ECR_1199,Chassis,Frame,Design,6,5,5,1,1,Medium,23,6,0.36151150904910584
ECR_1200,Battery,Cell,Supplier,1,4,3,5,1,Low,8,2,0.328290437021388
ECR_1201,PCB,Cell,Process,1,1,2,5,6,Low,5,10,0.3302227179378937
ECR_1202,Engine,Sensor,Process,8,1,0,2,2,High,12,10,0.3454103665313986
ECR_1203,Engine,Sensor,Design,4,5,3,3,4,Low,20,8,0.377415279347479
ECR_1204,Chassis,Cell,Supplier,1,4,1,1,1,Medium,13,3,0.3337055276489117
ECR_1205,PCB,Sensor,Process,10,1,1,2,1,High,14,7,0.3500582711891625
ECR_1206,Display,Connector,Supplier,7,1,1,2,2,Medium,12,6,0.346252547745324
ECR_1207,PCB,Controller,Supplier,5,4,1,4,2,High,12,5,0.3597354958810175
ECR_1208,Chassis,Cell,Design,5,3,2,5,5,Low,13,9,0.36183965426429615
ECR_1209,Chassis,Sensor,Process,1,1,2,1,7,Low,7,16,0.32904526047971105
ECR_1210,PCB,Cell,Design,10,2,1,1,3,Low,25,10,0.3739873993180921
ECR_1211,Chassis,Frame,Design,6,4,0,1,4,Medium,18,11,0.3664832879830766
ECR_1212,PCB,Valve,Process,9,1,5,2,5,High,14,17,0.3608079069015595
ECR_1213,Battery,Controller,Process,9,5,0,4,1,Medium,24,5,0.3870928966646824
ECR_1214,PCB,Cell,Supplier,8,2,0,3,2,High,13,8,0.345467234115746
ECR_1215,PCB,Valve,Process,5,1,1,2,6,Low,11,15,0.3469282260605964
ECR_1216,Chassis,Sensor,Supplier,1,2,1,3,3,Medium,8,5,0.32564583753147863
ECR_1217,Chassis,Valve,Supplier,9,2,3,4,5,Low,20,13,0.37308331172899706
ECR_1218,Engine,Controller,Supplier,1,3,1,5,6,Medium,7,12,0.34508655536235877
ECR_1219,Engine,Cell,Process,8,2,0,1,3,Low,14,9,0.3570327783755971
ECR_1220,Battery,Frame,Design,5,3,1,3,7,Medium,13,15,0.3790849216332701
ECR_1221,Engine,Sensor,Supplier,3,4,4,2,7,Medium,15,12,0.3841568869538962
ECR_1222,PCB,Cell,Design,7,3,2,3,6,High,17,16,0.38069744340796796
ECR_1223,Chassis,Controller,Design,7,5,0,5,2,Low,23,8,0.370058575100754
ECR_1224,Engine,Sensor,Process,9,1,3,1,5,High,18,15,0.36784051138555296
ECR_1225,Engine,Connector,Design,7,4,1,3,5,High,17,12,0.3830180824272217
ECR_1226,Battery,Valve,Design,3,4,1,5,7,Low,14,16,0.36952288573880776
ECR_1227,Battery,Controller,Process,1,5,0,2,3,Medium,12,6,0.3509986347428742
ECR_1228,PCB,Connector,Supplier,8,3,3,4,6,High,12,11,0.38121105076089057
ECR_1229,Chassis,Cell,Design,3,1,1,2,2,Low,6,5,0.31294576198611074
ECR_1230,Battery,Frame,Process,8,3,0,1,1,Medium,20,7,0.35968465611446815
ECR_1231,Engine,Sensor,Design,8,2,2,2,5,High,12,16,0.37914073399654913
ECR_1232,Chassis,Valve,Design,5,3,3,2,1,High,13,6,0.3395040445449858
ECR_1233,Chassis,Sensor,Supplier,1,4,1,2,2,High,9,4,0.3489867351257875
ECR_1234,Engine,Cell,Design,10,1,5,2,7,Medium,21,19,0.38104058338738067
ECR_1235,Battery,Sensor,Process,7,3,3,1,5,High,15,12,0.3745355135577196
ECR_1236,Engine,Valve,Design,10,1,3,5,5,Medium,18,15,0.3683902004246693
ECR_1237,Chassis,Cell,Supplier,5,1,4,3,6,High,8,15,0.34596927916267306
ECR_1238,Display,Sensor,Supplier,8,2,1,4,1,Low,14,5,0.3514592630091726
ECR_1239,Display,Frame,Process,9,2,2,3,7,High,15,15,0.38760989523597905
ECR_1240,PCB,Controller,Supplier,7,4,2,3,6,Low,16,14,0.37787428542845725
ECR_1241,Engine,Cell,Design,7,5,2,4,4,Low,21,13,0.40271519169583825
ECR_1242,Engine,Controller,Supplier,1,1,2,1,1,Low,10,1,0.2959450681712527
ECR_1243,PCB,Cell,Process,4,5,3,4,1,Medium,17,2,0.35738835598647606
ECR_1244,PCB,Frame,Supplier,2,4,3,1,4,Low,15,9,0.34220856070336786
ECR_1245,PCB,Controller,Supplier,2,1,2,3,2,High,4,6,0.3136604537581722
ECR_1246,Chassis,Connector,Supplier,2,1,3,1,2,Medium,6,4,0.3126926806207124
ECR_1247,Engine,Valve,Process,4,5,1,5,5,Low,16,14,0.37744153316100326
ECR_1248,Chassis,Connector,Supplier,1,3,3,4,3,Medium,10,6,0.33652166835946873
ECR_1249,PCB,Sensor,Supplier,4,2,5,5,6,Medium,4,18,0.3537809413865313
ECR_1250,Engine,Frame,Design,2,3,0,3,3,Medium,9,7,0.34269209399748135
ECR_1251,Chassis,Connector,Process,5,5,1,4,5,High,11,10,0.3788133462689291
ECR_1252,Chassis,Cell,Supplier,3,2,2,3,3,Low,14,8,0.3353869163841703
ECR_1253,PCB,Sensor,Process,8,3,0,5,1,Medium,16,6,0.35684159524922177
ECR_1254,Engine,Sensor,Supplier,4,2,2,3,1,Medium,12,4,0.32814830276733387
ECR_1255,PCB,Connector,Supplier,1,1,0,4,4,Medium,5,8,0.32135174324590254
ECR_1256,Engine,Connector,Supplier,1,3,2,4,4,Low,11,8,0.33747847134294556
ECR_1257,Display,Frame,Design,10,2,1,3,5,Medium,23,16,0.3794741713296141
ECR_1258,Battery,Valve,Design,3,2,3,4,5,Medium,9,11,0.33922877294678305
ECR_1259,Battery,Connector,Design,9,2,2,4,7,High,19,23,0.39047756115172955
ECR_1260,Battery,Connector,Process,7,3,5,3,5,Low,20,15,0.37864222016497306
ECR_1261,PCB,Controller,Process,2,4,3,5,1,High,5,3,0.34049991778407374
ECR_1262,Display,Cell,Design,9,3,1,4,3,Low,21,9,0.3737866999058693
ECR_1263,Engine,Controller,Process,10,5,1,4,6,Low,27,18,0.41447814197576893
ECR_1264,Chassis,Controller,Supplier,2,3,3,4,7,Low,10,11,0.3653701168625714
ECR_1265,Engine,Sensor,Supplier,3,2,0,4,7,High,5,15,0.3582880278431892
ECR_1266,Chassis,Valve,Supplier,10,1,0,3,7,High,19,21,0.3854542216495972
ECR_1267,Engine,Cell,Design,2,3,1,5,5,High,4,13,0.34829054463542264
ECR_1268,Display,Frame,Process,3,3,1,5,5,High,1,8,0.3574169963972898
ECR_1269,Chassis,Frame,Design,6,2,2,1,1,Medium,19,4,0.34594336991077673
ECR_1270,PCB,Connector,Process,9,1,4,4,6,Medium,13,14,0.36536927098353217
ECR_1271,Engine,Connector,Supplier,9,1,2,4,1,Medium,18,7,0.34005478569596714
ECR_1272,Engine,Frame,Design,7,5,6,1,6,Low,23,14,0.4013760224736519
ECR_1273,Chassis,Connector,Process,3,3,1,5,1,Medium,14,5,0.32882529053359827
ECR_1274,PCB,Valve,Process,4,1,2,2,3,Low,13,10,0.32092087500149485
ECR_1275,PCB,Controller,Supplier,6,1,1,2,5,High,7,13,0.35587322865004273
ECR_1276,Display,Connector,Design,5,4,3,5,2,Low,18,7,0.36674449262832837
ECR_1277,PCB,Sensor,Design,2,4,3,4,2,Low,15,4,0.3390999022289341
ECR_1278,PCB,Connector,Design,6,1,2,2,5,Medium,12,15,0.3428400661945986
ECR_1279,PCB,Cell,Supplier,3,5,4,3,7,High,15,12,0.38173405149181716
ECR_1280,Battery,Valve,Design,8,1,2,3,5,High,12,14,0.3662640417605978
ECR_1281,Display,Cell,Supplier,2,2,3,1,5,Medium,10,10,0.33794630773710926
ECR_1282,Engine,Cell,Supplier,1,3,2,5,5,High,6,9,0.34547347508857407
ECR_1283,Chassis,Sensor,Supplier,9,5,2,5,7,High,22,18,0.4166246087051402
ECR_1284,Engine,Valve,Process,3,2,1,2,6,High,5,12,0.35086923901179307
ECR_1285,Display,Valve,Design,1,5,3,4,3,Medium,12,6,0.36247035572001707
ECR_1286,Chassis,Valve,Design,7,2,3,5,2,High,10,9,0.34640054485638627
ECR_1287,Display,Valve,Supplier,10,3,2,2,4,Low,24,9,0.3844889661452429
ECR_1288,PCB,Valve,Supplier,5,3,0,2,2,Low,16,6,0.35116212849798684
ECR_1289,Chassis,Sensor,Design,5,4,1,5,2,High,14,7,0.35975502149417155
ECR_1290,PCB,Connector,Supplier,1,2,1,2,7,Medium,8,16,0.33890449396244476
ECR_1291,Engine,Cell,Design,9,4,5,1,1,Medium,24,7,0.36763732241569985
ECR_1292,Engine,Valve,Process,7,2,1,1,5,Medium,18,14,0.35753261361247424
ECR_1293,Chassis,Connector,Supplier,8,4,3,5,5,High,16,12,0.3936312737492123
ECR_1294,Chassis,Connector,Design,9,3,2,4,5,High,17,17,0.38089798504655326
ECR_1295,Display,Cell,Supplier,6,5,3,1,1,Low,23,5,0.37234637451970654
ECR_1296,Display,Sensor,Design,5,4,4,1,7,Medium,19,19,0.38543371518909103
ECR_1297,PCB,Frame,Design,6,2,3,5,3,Low,13,12,0.34512571432239175
ECR_1298,Chassis,Frame,Supplier,2,2,3,3,3,Low,8,7,0.32525050465410216
ECR_1299,Engine,Connector,Process,4,3,2,2,7,Medium,18,14,0.37067006580207046
ECR_1300,Display,Controller,Design,3,2,3,1,4,High,11,8,0.34038842354781146
ECR_1301,Display,Controller,Design,7,1,2,3,3,High,8,7,0.34746016118138534
ECR_1302,Engine,Cell,Design,9,5,2,4,7,Low,25,14,0.41271247721110704
ECR_1303,Display,Frame,Process,5,4,5,3,3,Low,17,8,0.3607664611049615
ECR_1304,PCB,Connector,Process,6,5,4,5,5,Low,19,14,0.3905493526249764
ECR_1305,Chassis,Sensor,Supplier,10,3,1,4,6,Low,18,20,0.4020995956222331
ECR_1306,Engine,Frame,Process,2,4,2,4,7,Medium,8,12,0.3606166046655019
ECR_1307,Chassis,Connector,Supplier,3,4,3,3,2,Low,15,5,0.34600473664013126
ECR_1308,Display,Connector,Supplier,3,1,2,5,3,Low,5,9,0.32795220071141706
ECR_1309,Display,Valve,Process,9,3,2,1,3,High,21,9,0.3760824281724362
ECR_1310,Engine,Sensor,Supplier,7,2,0,3,1,High,14,4,0.34802509646911756
ECR_1311,PCB,Valve,Process,8,1,3,1,4,High,12,12,0.35285172487685107
ECR_1312,Battery,Cell,Supplier,10,1,2,3,6,Medium,24,18,0.3669404199134565
ECR_1313,Engine,Valve,Process,9,5,3,1,1,Medium,23,6,0.3933574635893333
ECR_1314,Battery,Valve,Process,6,5,2,3,5,High,17,13,0.3954191794495545
ECR_1315,Battery,Frame,Supplier,4,5,3,4,2,High,11,5,0.36487910921289435
ECR_1316,PCB,Controller,Design,1,1,2,2,4,Low,10,7,0.3157916969151452
ECR_1317,Battery,Connector,Supplier,8,2,2,4,1,Low,18,3,0.3475471621267933
ECR_1318,Battery,Sensor,Process,7,4,2,1,7,Medium,19,15,0.39614541755904875
ECR_1319,PCB,Valve,Design,2,5,3,5,3,Medium,13,6,0.3587418386665702
ECR_1320,Battery,Sensor,Supplier,8,2,2,4,3,Low,16,10,0.35992750417742475
ECR_1321,Battery,Controller,Supplier,5,3,1,2,4,High,13,11,0.3680506860208793
ECR_1322,Battery,Controller,Supplier,7,5,1,1,3,Low,22,8,0.38961837606649763
ECR_1323,Engine,Valve,Design,4,4,3,4,7,Medium,14,16,0.3741461076566668
ECR_1324,Engine,Cell,Process,5,3,0,3,1,Medium,16,6,0.3453845950113768
ECR_1325,Engine,Valve,Supplier,8,3,0,5,1,Low,24,6,0.35739818245081445
ECR_1326,PCB,Frame,Supplier,1,4,3,1,3,Low,10,9,0.3464897156287411
ECR_1327,Display,Connector,Supplier,1,5,2,4,3,Low,12,6,0.3546833429674558
ECR_1328,Battery,Cell,Supplier,4,1,2,1,5,Medium,12,10,0.3548384938938337
ECR_1329,Battery,Valve,Supplier,3,4,0,3,2,High,8,4,0.35214630828767973
ECR_1330,PCB,Sensor,Process,10,4,2,2,4,Low,25,13,0.394329079969166
ECR_1331,Battery,Cell,Process,2,4,1,4,1,Medium,14,3,0.34921503028666745
ECR_1332,Engine,Cell,Supplier,3,3,2,1,4,Medium,16,10,0.3510277472942629
ECR_1333,Display,Valve,Design,1,2,3,1,5,Medium,10,12,0.32740637851959825
ECR_1334,Chassis,Cell,Process,1,1,1,1,1,Low,6,0,0.3043777651019899
ECR_1335,Battery,Sensor,Design,6,5,5,2,5,Low,20,14,0.39306851623686023
ECR_1336,Engine,Controller,Process,5,5,1,1,5,High,15,10,0.3874226474144915
ECR_1337,Chassis,Cell,Supplier,8,2,2,5,6,Medium,16,14,0.3800258735218416
ECR_1338,Display,Controller,Process,2,4,2,5,3,Low,15,7,0.35076858234355573
ECR_1339,Chassis,Sensor,Supplier,4,1,1,1,7,Medium,12,15,0.35041555485782333
ECR_1340,Engine,Valve,Process,8,5,3,5,6,Medium,21,11,0.39798762349154904
ECR_1341,Chassis,Connector,Supplier,6,5,1,4,4,High,17,10,0.3926421112893108
ECR_1342,PCB,Cell,Supplier,1,4,1,5,7,Low,15,16,0.36347198209900533
ECR_1343,Chassis,Connector,Supplier,4,2,1,1,4,Low,15,9,0.3401023259318884
ECR_1344,Battery,Sensor,Supplier,1,1,1,3,3,Medium,7,6,0.32813953944099256
ECR_1345,Battery,Cell,Design,2,2,4,4,7,Medium,10,17,0.3584004284412138
ECR_1346,PCB,Controller,Supplier,5,2,0,2,6,High,8,9,0.35776125538871323
ECR_1347,Engine,Frame,Design,8,1,1,1,4,High,13,14,0.34559664327872286
ECR_1348,Battery,Connector,Design,8,1,1,2,6,High,11,13,0.3614076428936273
ECR_1349,Display,Cell,Supplier,3,5,1,3,3,High,15,4,0.3728956779812995
ECR_1350,Battery,Connector,Design,4,5,1,2,7,High,17,16,0.3908835665185268
ECR_1351,Battery,Cell,Process,10,1,1,1,7,High,16,20,0.37325281826682005
ECR_1352,Engine,Valve,Supplier,6,3,0,1,1,Medium,18,3,0.35391990771113746
ECR_1353,Chassis,Controller,Design,10,5,3,3,5,High,21,14,0.40895070985693477
ECR_1354,Battery,Connector,Supplier,3,3,0,1,5,Medium,14,10,0.35175649016103916
ECR_1355,PCB,Frame,Supplier,2,1,3,3,6,Medium,5,13,0.33213579760200124
ECR_1356,Chassis,Frame,Supplier,6,5,1,3,7,Low,18,17,0.40653196254068436
ECR_1357,Display,Sensor,Design,5,2,6,1,4,Medium,17,8,0.3527331817417704
ECR_1358,Engine,Cell,Process,10,1,1,5,6,Medium,20,17,0.36756971156595153
ECR_1359,Display,Connector,Process,5,4,2,3,6,High,13,11,0.38183594390058473
ECR_1360,Chassis,Sensor,Design,10,3,1,1,2,Medium,19,8,0.3755380753987315
ECR_1361,Chassis,Connector,Supplier,5,1,1,5,7,High,6,17,0.35289796134204626
ECR_1362,Chassis,Cell,Design,10,1,4,3,5,High,17,17,0.36816159438270357
ECR_1363,Display,Frame,Design,5,5,1,5,7,High,15,14,0.3906747378495795
ECR_1364,Chassis,Valve,Design,3,5,2,4,3,Low,14,7,0.36168736814221136
ECR_1365,Display,Frame,Supplier,7,5,3,4,6,High,18,15,0.4014486172426802
ECR_1366,Chassis,Sensor,Design,6,4,0,5,2,Medium,14,5,0.3636121504649815
ECR_1367,PCB,Controller,Supplier,4,5,1,3,2,High,10,6,0.36772840819095165
ECR_1368,Chassis,Valve,Design,2,1,1,1,5,High,9,9,0.32607510183778066
ECR_1369,Display,Sensor,Process,9,5,1,2,5,High,25,12,0.40853747308185406
ECR_1370,Battery,Cell,Design,1,2,3,1,5,Low,10,8,0.3415722228722808
ECR_1371,Chassis,Valve,Design,4,5,1,2,3,Medium,18,11,0.36996608180000334
ECR_1372,Battery,Sensor,Process,1,4,2,2,2,Low,9,5,0.3426031330513746
ECR_1373,PCB,Cell,Supplier,6,2,3,3,4,Medium,16,11,0.3577982143595078
ECR_1374,Engine,Frame,Supplier,4,1,1,5,3,Low,8,7,0.3274895098819567
ECR_1375,PCB,Controller,Design,5,1,2,1,1,Medium,15,5,0.32781682483916025
ECR_1376,Chassis,Cell,Process,5,3,3,5,6,Low,14,17,0.3586578278348567
ECR_1377,Battery,Connector,Supplier,9,2,1,4,5,High,16,14,0.36166716728914
ECR_1378,Battery,Cell,Design,1,3,2,3,2,Low,8,3,0.3283526086800619
ECR_1379,Display,Cell,Process,2,2,3,3,6,Low,7,13,0.34816732904525194
ECR_1380,Battery,Controller,Supplier,6,2,2,4,7,High,12,16,0.36957473334874225
ECR_1381,Display,Connector,Supplier,5,4,0,1,3,High,16,7,0.36872936814489465
ECR_1382,Engine,Sensor,Process,7,3,3,4,1,Medium,18,6,0.34899132175425684
ECR_1383,Chassis,Sensor,Process,3,4,2,1,7,Medium,16,19,0.379414196999897
ECR_1384,Display,Cell,Process,3,2,2,2,3,Medium,7,7,0.3431440630720711
ECR_1385,Engine,Connector,Process,10,1,0,3,3,Low,20,9,0.3565179474254706
ECR_1386,Battery,Connector,Design,2,2,1,1,4,Medium,10,7,0.33885499380752165
ECR_1387,Battery,Controller,Process,3,4,0,5,6,Low,16,13,0.37011409156915054
ECR_1388,Engine,Frame,Supplier,10,3,1,5,4,Low,16,10,0.3872092027246792
ECR_1389,Battery,Sensor,Supplier,1,3,1,3,3,Medium,10,6,0.3431340578335054
ECR_1390,Engine,Controller,Design,5,4,2,4,1,Medium,17,2,0.3566365163658779
ECR_1391,Display,Valve,Supplier,5,3,3,4,2,Low,13,5,0.3538222106049851
ECR_1392,Display,Sensor,Supplier,7,5,3,1,2,High,19,9,0.3736847767941016
ECR_1393,Engine,Controller,Process,4,1,2,4,7,High,3,14,0.3536682039297639
ECR_1394,Display,Sensor,Supplier,3,1,2,3,6,Low,9,11,0.3480500357542706
ECR_1395,Display,Frame,Design,1,1,4,1,5,Medium,8,9,0.3203824968854339
ECR_1396,Display,Valve,Process,8,3,1,2,5,Low,24,13,0.3783848842717591
ECR_1397,PCB,Frame,Process,3,3,3,4,2,Low,12,4,0.34343063317112116
ECR_1398,Chassis,Valve,Design,2,2,3,4,3,Medium,10,8,0.33223892063899974
ECR_1399,Battery,Cell,Process,4,2,4,1,3,High,13,7,0.3332013612411696
ECR_1400,PCB,Controller,Process,3,1,2,5,4,Low,8,10,0.3308245568620592
ECR_1401,Display,Valve,Design,1,5,4,4,6,High,9,13,0.3683365909738452
ECR_1402,Engine,Frame,Process,3,2,3,3,4,High,7,7,0.33515672433851446
ECR_1403,Display,Sensor,Design,2,2,2,4,5,Medium,8,10,0.34678362434196336
ECR_1404,Chassis,Valve,Design,8,3,3,2,2,Low,21,9,0.3650273018878662
ECR_1405,Display,Controller,Supplier,6,5,2,4,7,Low,18,17,0.40491524326453054
ECR_1406,Engine,Valve,Supplier,9,1,2,5,3,High,14,9,0.3491329348687734
ECR_1407,Chassis,Connector,Process,8,2,4,4,2,High,12,9,0.35794472828760543
ECR_1408,Display,Sensor,Process,10,5,4,1,1,Medium,27,8,0.3953084476140829
ECR_1409,Chassis,Controller,Design,3,5,1,4,2,High,14,5,0.35878925699822867
ECR_1410,Battery,Controller,Process,5,1,1,5,1,Medium,9,5,0.32251409945410925
ECR_1411,Battery,Cell,Design,7,5,0,1,4,Low,23,9,0.3834786412949359
ECR_1412,Display,Frame,Design,5,5,3,3,4,Medium,19,9,0.3756597366044936
ECR_1413,Chassis,Cell,Process,8,5,1,1,5,High,21,16,0.39773683357682255
ECR_1414,Engine,Controller,Design,5,2,6,2,2,Low,14,8,0.3351204441492167
ECR_1415,Display,Sensor,Supplier,1,1,1,1,2,Medium,6,6,0.3061602666944748
ECR_1416,Battery,Valve,Process,5,5,1,3,1,Low,16,3,0.36579048458202357
ECR_1417,Battery,Valve,Supplier,4,5,3,4,4,Medium,18,10,0.3763889409919635
ECR_1418,Display,Sensor,Process,6,2,3,1,1,High,11,6,0.34545422510265883
ECR_1419,Chassis,Controller,Design,3,1,0,1,4,High,9,9,0.3261911332306077
ECR_1420,Battery,Valve,Process,5,3,2,1,1,Low,19,6,0.3451159260556726
ECR_1421,Chassis,Valve,Supplier,2,2,1,1,4,Low,9,7,0.33291151613730047
ECR_1422,Battery,Valve,Design,6,1,3,3,1,Low,11,4,0.32755817375181445
ECR_1423,Battery,Frame,Process,6,5,1,5,7,Medium,16,19,0.3984193038518017
ECR_1424,PCB,Frame,Process,5,1,3,5,4,High,6,11,0.33901912267626766
ECR_1425,Battery,Connector,Process,6,1,5,1,6,Low,12,13,0.3562519813314803
ECR_1426,Engine,Cell,Supplier,7,1,0,3,1,Low,10,6,0.33334821016711563
ECR_1427,Display,Sensor,Supplier,5,3,1,3,2,Low,17,8,0.35613665315025883
ECR_1428,Display,Sensor,Process,1,1,2,1,5,Medium,8,10,0.31647799809156046
ECR_1429,Chassis,Sensor,Design,8,3,1,2,6,Low,19,16,0.3902697681274464
ECR_1430,Battery,Connector,Design,4,5,5,1,6,Low,19,14,0.3831574816702898
ECR_1431,Engine,Frame,Supplier,9,3,1,2,1,Medium,22,8,0.3640558354169867
ECR_1432,Chassis,Controller,Design,10,5,3,1,5,Medium,31,13,0.4099519226081818
ECR_1433,PCB,Controller,Supplier,6,5,2,2,2,Low,23,6,0.37852821021627986
ECR_1434,Chassis,Connector,Process,1,3,2,2,6,Low,10,14,0.3455985422051536
ECR_1435,Chassis,Controller,Supplier,3,2,0,1,2,Medium,12,6,0.3267157038639025
ECR_1436,Battery,Sensor,Supplier,3,4,2,2,4,High,13,8,0.36250279835948823
ECR_1437,PCB,Cell,Process,10,1,2,4,7,Medium,18,14,0.3715091058531237
ECR_1438,Chassis,Valve,Design,4,4,4,5,5,High,13,11,0.36982916684554873
ECR_1439,Engine,Frame,Supplier,6,1,0,3,7,Low,16,14,0.35601135164755005
ECR_1440,Engine,Frame,Supplier,7,1,3,2,3,Low,16,8,0.3399588541277256
ECR_1441,Display,Connector,Process,10,5,3,2,4,High,21,12,0.39680768075867584
ECR_1442,PCB,Frame,Design,4,1,3,3,5,Medium,11,13,0.3438615102753452
ECR_1443,PCB,Sensor,Supplier,6,1,2,2,1,Low,14,6,0.33079412949604825
ECR_1444,Display,Controller,Process,1,3,0,3,7,High,4,13,0.3516385939862585
ECR_1445,Chassis,Sensor,Supplier,8,4,2,1,1,Medium,24,6,0.36917721045164714
ECR_1446,PCB,Connector,Process,7,3,2,4,2,High,13,8,0.3545355884287286
ECR_1447,Engine,Sensor,Design,9,1,1,4,6,Medium,19,15,0.36731907078279746
ECR_1448,Engine,Controller,Design,3,5,0,5,7,Medium,16,17,0.3840082683204097
ECR_1449,Battery,Cell,Design,2,3,0,2,3,Medium,12,6,0.34031975237542905
ECR_1450,PCB,Connector,Design,1,3,1,5,1,Medium,8,2,0.3269603180598747
ECR_1451,Chassis,Cell,Supplier,3,2,0,1,5,High,4,13,0.3359707379300057
ECR_1452,Display,Valve,Supplier,5,1,2,4,7,High,4,20,0.35697587979612405
ECR_1453,Display,Cell,Design,2,5,1,1,7,High,13,15,0.3713725188940331
ECR_1454,Chassis,Valve,Design,3,3,3,1,6,High,14,13,0.3621576673929579
ECR_1455,Battery,Valve,Design,4,3,1,2,6,High,13,12,0.3639334452277577
ECR_1456,Display,Cell,Supplier,7,5,1,1,5,Medium,26,11,0.40045729923206325
ECR_1457,PCB,Connector,Design,3,1,6,4,6,Low,7,14,0.3366276345531454
ECR_1458,Battery,Controller,Design,9,2,3,5,1,Low,18,6,0.35890420005236856
ECR_1459,PCB,Sensor,Design,8,3,1,4,5,High,16,13,0.3741630338752059
ECR_1460,Engine,Sensor,Process,4,2,1,2,5,High,9,9,0.3505294393379653
ECR_1461,Battery,Controller,Design,1,4,4,4,2,Low,8,3,0.3298099951522381
ECR_1462,Display,Valve,Process,1,1,3,3,3,Medium,6,4,0.3194153148060189
ECR_1463,Battery,Valve,Process,1,4,0,5,7,High,9,10,0.3736343670166977
ECR_1464,Battery,Connector,Design,1,4,0,3,2,Medium,10,6,0.33650888888763125
ECR_1465,Battery,Frame,Process,8,4,3,3,3,Low,23,9,0.3806131528349066
ECR_1466,Battery,Cell,Design,3,1,3,2,5,Low,9,9,0.337219189623976
ECR_1467,PCB,Valve,Supplier,6,1,4,1,7,High,12,16,0.35224872501423693
ECR_1468,Engine,Sensor,Supplier,3,5,2,3,6,Medium,17,13,0.37625446651604877
ECR_1469,Chassis,Connector,Supplier,5,2,1,4,3,High,8,12,0.34094495090681254
ECR_1470,Battery,Cell,Supplier,7,2,4,1,5,Low,18,16,0.3770353182521765
ECR_1471,Display,Connector,Process,2,5,2,4,5,Medium,13,9,0.3752290118218018
ECR_1472,Battery,Cell,Design,6,5,1,4,2,High,17,6,0.37391458567541946
ECR_1473,Display,Cell,Design,6,4,2,1,2,High,15,6,0.36889520372017004
ECR_1474,PCB,Controller,Design,3,5,2,1,6,High,14,15,0.3810562475885436
ECR_1475,Display,Valve,Supplier,6,3,2,4,4,Low,15,10,0.36796518636964876
ECR_1476,Chassis,Connector,Supplier,10,2,1,2,1,High,17,7,0.35473242919376335
ECR_1477,Engine,Connector,Design,10,5,0,5,4,Medium,21,13,0.4118668819593967
ECR_1478,Display,Controller,Supplier,5,3,3,5,4,High,11,7,0.35616129804364827
ECR_1479,Display,Sensor,Design,2,3,4,2,7,Low,10,18,0.3564201398729078
ECR_1480,Engine,Sensor,Design,9,3,6,1,7,High,17,20,0.3979511359088872
ECR_1481,Chassis,Valve,Design,8,3,4,4,6,Low,17,18,0.3867288037587173
ECR_1482,Battery,Valve,Design,3,4,2,5,7,Low,14,14,0.37511578368035303
ECR_1483,Display,Frame,Design,8,3,1,4,3,Medium,19,10,0.3741980004177002
ECR_1484,Engine,Controller,Design,9,4,4,2,6,Medium,25,15,0.39419472380623205
ECR_1485,PCB,Sensor,Design,3,4,2,4,6,High,12,15,0.37922176773337685
ECR_1486,Engine,Cell,Supplier,3,3,3,2,5,Low,10,12,0.3524967239097712
ECR_1487,PCB,Connector,Design,2,2,2,1,5,Low,8,11,0.3395579443142357
ECR_1488,Chassis,Valve,Design,8,3,3,2,5,Medium,21,13,0.389299133808963
ECR_1489,Battery,Connector,Supplier,10,3,0,2,1,Medium,23,6,0.36645279979921597
ECR_1490,Engine,Connector,Supplier,1,3,2,5,3,High,3,4,0.3401152125126134
ECR_1491,Display,Frame,Supplier,8,2,2,4,3,Low,18,9,0.35892839035901175
ECR_1492,Chassis,Sensor,Design,7,1,2,5,5,Medium,15,14,0.3507908271550297
ECR_1493,Engine,Valve,Process,7,1,3,3,4,High,7,6,0.34808130403817267
ECR_1494,Display,Connector,Process,3,4,2,2,1,Low,16,3,0.34783140098386095
ECR_1495,Engine,Valve,Supplier,1,4,2,3,4,Low,11,10,0.3550713316487887
ECR_1496,PCB,Cell,Process,4,2,3,5,2,Medium,12,5,0.33612802959958915
ECR_1497,Engine,Frame,Supplier,9,5,5,4,3,High,18,13,0.38701028174057406
ECR_1498,Engine,Cell,Design,5,1,3,5,3,Medium,13,9,0.33817765824830914
ECR_1499,Engine,Valve,Process,1,4,0,4,4,High,6,8,0.3492893408269203
ECR_1500,Chassis,Valve,Design,5,1,2,4,1,Low,10,3,0.31948758616585604
ECR_1501,Engine,Sensor,Process,8,2,3,1,3,High,16,7,0.36173196810174735
ECR_1502,Display,Connector,Design,8,2,2,2,4,High,16,11,0.3706691975932356
ECR_1503,PCB,Connector,Process,5,5,3,5,6,High,10,11,0.390033594739986
ECR_1504,PCB,Cell,Design,9,5,2,4,6,High,26,17,0.4146166634589463
ECR_1505,Engine,Frame,Design,1,2,0,5,7,High,3,14,0.347311980172203
ECR_1506,Chassis,Controller,Process,4,4,2,5,1,Medium,14,5,0.3523765214741334
ECR_1507,Chassis,Connector,Design,3,1,1,4,4,High,10,8,0.3284725652447368
ECR_1508,Display,Sensor,Design,2,3,2,3,7,High,10,18,0.3640934826941367
ECR_1509,Engine,Cell,Design,8,5,2,2,6,Low,22,14,0.4095708942271515
ECR_1510,PCB,Cell,Process,7,3,4,2,1,High,13,5,0.3589633392010689
ECR_1511,Chassis,Controller,Process,9,4,0,1,7,Low,26,19,0.40343106631638126
ECR_1512,Engine,Sensor,Design,2,5,2,1,5,Medium,18,12,0.374925398847443
ECR_1513,Chassis,Frame,Design,4,3,0,1,1,Medium,19,4,0.34193157252404754
ECR_1514,Chassis,Sensor,Process,6,4,0,2,2,High,15,6,0.3601383726928647
ECR_1515,PCB,Frame,Process,3,1,1,3,5,Medium,10,10,0.3330925385786003
ECR_1516,Battery,Sensor,Design,8,4,2,2,7,High,20,16,0.3973479551288518
ECR_1517,Display,Sensor,Design,3,5,0,2,4,Medium,16,9,0.36006051560244234
ECR_1518,Display,Valve,Design,2,2,1,2,5,High,6,12,0.3450170652508917
ECR_1519,PCB,Cell,Supplier,3,1,4,2,5,High,2,13,0.3505059335884151
ECR_1520,Chassis,Sensor,Process,6,3,3,3,7,Low,15,19,0.3860417395094047
ECR_1521,Engine,Controller,Supplier,2,5,4,1,4,Low,17,6,0.3658142966230961
ECR_1522,Chassis,Sensor,Process,8,2,2,5,4,Low,20,12,0.36242090634685464
ECR_1523,PCB,Connector,Process,1,4,2,1,6,Low,17,9,0.35537458128385435
ECR_1524,Display,Cell,Process,7,2,2,1,2,High,12,8,0.3507532268940938
ECR_1525,Chassis,Connector,Process,2,5,1,5,4,Medium,16,10,0.3698415325662998
ECR_1526,Display,Cell,Process,10,5,1,2,3,High,22,9,0.3966270877389587
ECR_1527,Engine,Connector,Process,6,2,1,3,3,Low,13,8,0.3628213008877528
ECR_1528,Display,Sensor,Process,2,4,1,3,2,Low,13,4,0.3380800343364238
ECR_1529,Display,Sensor,Supplier,2,2,3,1,1,Medium,11,2,0.321122491024266
ECR_1530,Battery,Valve,Design,10,5,2,5,7,Low,26,17,0.4203514717426945
ECR_1531,Battery,Controller,Design,8,5,2,4,1,High,21,5,0.38003313210205547
ECR_1532,Battery,Connector,Supplier,2,3,2,2,3,High,8,6,0.33715572548881456
ECR_1533,Display,Frame,Supplier,7,3,0,1,4,High,19,9,0.3704123319684858
ECR_1534,PCB,Valve,Supplier,3,1,1,3,2,High,6,5,0.3177511442912373
ECR_1535,Display,Connector,Supplier,8,5,4,5,1,High,18,6,0.3864394470110627
ECR_1536,PCB,Connector,Process,7,3,2,5,1,Medium,20,7,0.3631038704170447
ECR_1537,PCB,Valve,Design,8,2,4,1,7,High,22,20,0.3780572837530848
ECR_1538,Battery,Sensor,Process,7,4,4,4,5,Low,17,15,0.376775146617125
ECR_1539,Chassis,Connector,Design,6,2,2,3,3,Low,18,8,0.3515882356186144
ECR_1540,Engine,Sensor,Design,7,4,1,1,4,Low,20,11,0.3814079720500686
ECR_1541,Battery,Valve,Supplier,5,3,3,4,2,Low,17,4,0.35052606154442223
ECR_1542,Battery,Sensor,Process,7,1,3,5,1,Medium,11,6,0.3376647636050892
ECR_1543,Chassis,Cell,Supplier,1,2,1,2,7,Low,10,13,0.35190763905621936
ECR_1544,Engine,Frame,Process,1,2,1,3,5,Medium,9,10,0.33916486090167025
ECR_1545,Display,Connector,Design,9,2,4,3,3,Low,14,11,0.3676571765996849
ECR_1546,Display,Controller,Supplier,5,4,1,4,3,Medium,19,7,0.36876957772353713
ECR_1547,Battery,Frame,Supplier,5,3,4,1,7,Medium,15,13,0.3762573790949889
ECR_1548,Engine,Sensor,Design,3,2,0,5,2,Medium,7,5,0.32527279528323855
ECR_1549,Battery,Connector,Design,5,2,3,4,1,Low,11,3,0.3422522820756289
ECR_1550,PCB,Sensor,Design,3,1,3,2,2,Medium,14,5,0.320512917844216
ECR_1551,Battery,Cell,Supplier,9,1,3,2,7,High,11,18,0.37027030367389796
ECR_1552,Battery,Valve,Process,9,3,2,2,7,High,20,18,0.3893601059224413
ECR_1553,Display,Connector,Supplier,6,3,1,4,2,Low,15,6,0.3504110040675
ECR_1554,Display,Cell,Process,1,5,0,5,6,High,9,13,0.36383647239735734
ECR_1555,Display,Cell,Supplier,7,1,2,3,5,High,7,14,0.35834442213335277
ECR_1556,PCB,Connector,Supplier,7,5,2,1,3,High,21,10,0.38412444185295413
ECR_1557,Display,Sensor,Design,10,4,2,3,6,Low,24,13,0.40888002372021354
ECR_1558,Engine,Controller,Process,10,5,3,5,4,Low,22,11,0.4108473680995844
ECR_1559,Chassis,Cell,Supplier,4,2,3,3,3,High,11,8,0.34455390958473064
ECR_1560,Engine,Frame,Supplier,8,5,1,4,3,Low,26,9,0.3931701170302133
ECR_1561,Engine,Cell,Design,6,3,2,2,5,Medium,18,12,0.3714376456007661
ECR_1562,Display,Controller,Design,4,4,1,5,4,High,14,10,0.3640481846834097
ECR_1563,Chassis,Sensor,Process,4,2,2,5,1,Low,10,3,0.3293817693638304
ECR_1564,Chassis,Sensor,Supplier,2,5,0,3,4,Low,17,6,0.3679218174452309
ECR_1565,Chassis,Frame,Process,2,4,1,4,1,High,8,3,0.3351934230411619
ECR_1566,PCB,Cell,Supplier,4,4,1,3,4,Low,13,7,0.3647305762435631
ECR_1567,Display,Sensor,Process,5,2,2,3,2,High,10,5,0.3362857890423618
ECR_1568,Chassis,Controller,Design,8,5,1,5,7,Low,23,19,0.4158649103928773
ECR_1569,PCB,Connector,Supplier,6,4,1,3,4,Medium,20,14,0.37858528663456376
ECR_1570,Battery,Valve,Process,4,4,2,2,6,High,14,14,0.3856872722278779
ECR_1571,Battery,Valve,Design,7,1,4,3,6,Medium,15,18,0.3562114937137998
ECR_1572,PCB,Valve,Design,8,4,0,2,5,High,21,14,0.38674763093309017
ECR_1573,PCB,Cell,Process,2,1,1,5,7,Low,3,16,0.34028750550122144
ECR_1574,Display,Frame,Supplier,7,5,4,4,7,Medium,20,18,0.40137270753717513
ECR_1575,Display,Sensor,Supplier,2,5,2,2,1,Low,16,2,0.35268809901759796
ECR_1576,Battery,Connector,Design,2,5,1,4,3,High,14,8,0.3597452343661388
ECR_1577,Chassis,Controller,Supplier,8,3,1,4,5,High,15,15,0.3775573464915016
ECR_1578,Battery,Connector,Supplier,2,5,3,2,6,High,11,10,0.38043802282307204
ECR_1579,Chassis,Controller,Supplier,9,4,1,5,6,High,20,15,0.39075205744779307
ECR_1580,Chassis,Cell,Design,1,2,3,1,1,High,8,1,0.31771056588419455
ECR_1581,Display,Valve,Process,9,1,3,4,6,Medium,17,17,0.3672443376606515
ECR_1582,Engine,Cell,Supplier,1,3,2,4,6,High,7,14,0.3540837823696184
ECR_1583,Engine,Frame,Design,10,5,2,5,1,Low,24,4,0.39528127854032646
ECR_1584,PCB,Frame,Design,10,5,4,5,6,Medium,24,16,0.40361824731473717
ECR_1585,Display,Controller,Process,2,2,1,3,3,Low,8,6,0.3289418881062289
ECR_1586,Chassis,Sensor,Supplier,6,2,1,5,2,High,10,4,0.34529095813993305
ECR_1587,Engine,Sensor,Supplier,6,3,2,4,5,Low,17,10,0.3582108212840011
ECR_1588,Chassis,Controller,Process,1,1,1,2,3,Medium,6,4,0.31613875413604736
ECR_1589,Engine,Frame,Process,7,5,3,1,3,Medium,22,9,0.382359735462728
ECR_1590,Engine,Frame,Design,8,3,3,3,2,Medium,19,7,0.3589713634188454
ECR_1591,Engine,Frame,Design,2,4,4,2,7,Low,9,17,0.36674755457955494
ECR_1592,Display,Cell,Process,8,4,1,1,5,Medium,22,12,0.3858834318177342
ECR_1593,Battery,Frame,Supplier,9,3,1,1,3,Low,26,12,0.3721457134281384
ECR_1594,Chassis,Connector,Design,6,5,1,1,6,High,21,15,0.3959256169547627
ECR_1595,Display,Valve,Design,5,3,1,2,2,High,5,7,0.3549062326503221
ECR_1596,Display,Frame,Supplier,9,5,2,3,7,Low,24,15,0.4146108202508806
ECR_1597,Display,Controller,Design,9,2,0,3,5,Medium,21,12,0.3805137903533099
ECR_1598,Display,Valve,Supplier,1,3,1,1,4,Low,9,9,0.33477021258054707
ECR_1599,Display,Cell,Supplier,3,5,2,2,1,Low,17,4,0.3557644463330032
ECR_1600,PCB,Controller,Supplier,9,3,4,1,6,Low,24,16,0.4005330577408803
ECR_1601,Chassis,Valve,Process,2,3,0,5,2,High,6,6,0.3270471761841252
ECR_1602,Display,Controller,Process,4,5,0,3,1,Low,21,2,0.3518562113553053
ECR_1603,Chassis,Cell,Process,4,5,1,4,7,High,12,19,0.3963998585166674
ECR_1604,PCB,Connector,Supplier,2,1,1,1,7,Low,11,15,0.3411026256596764
ECR_1605,PCB,Cell,Supplier,3,3,4,5,4,High,9,7,0.346992499791701
ECR_1606,Chassis,Cell,Process,3,4,2,3,3,Low,12,6,0.3493516318224725
ECR_1607,Engine,Controller,Design,1,3,2,2,3,Low,13,4,0.33482005698571216
ECR_1608,Battery,Sensor,Supplier,6,3,2,3,5,Medium,15,14,0.3706678954514019
ECR_1609,Engine,Frame,Design,8,5,5,2,2,Medium,23,7,0.3856926364305236
ECR_1610,Engine,Frame,Design,3,3,3,2,2,Low,14,5,0.33430276291237226
ECR_1611,Engine,Connector,Supplier,5,3,4,1,7,Low,16,19,0.37331525538685667
ECR_1612,Display,Connector,Supplier,1,4,3,1,5,Low,14,9,0.35215958526827396
ECR_1613,PCB,Frame,Design,10,5,0,3,1,Low,27,5,0.3932322194569825
ECR_1614,Engine,Sensor,Design,7,3,3,5,3,Medium,14,12,0.35959775286452966
ECR_1615,PCB,Frame,Process,10,2,2,3,3,High,16,14,0.37038013886590193
ECR_1616,Chassis,Sensor,Process,1,1,3,4,7,Low,8,17,0.3481711320881795
ECR_1617,Battery,Connector,Supplier,9,4,3,2,2,Medium,21,9,0.37425634760670545
ECR_1618,Chassis,Valve,Process,8,3,1,2,7,Low,25,17,0.38626368511047515
ECR_1619,Chassis,Controller,Process,7,2,1,1,2,Low,17,7,0.349530687734506
ECR_1620,Display,Connector,Process,10,3,4,5,5,High,19,12,0.3752887279393859
ECR_1621,Battery,Connector,Process,7,3,0,1,4,Low,15,12,0.36286586271440113
ECR_1622,Chassis,Cell,Design,5,5,2,4,1,Low,15,4,0.3665534627502163
ECR_1623,Chassis,Cell,Supplier,5,5,3,3,6,High,17,12,0.38912164939616756
ECR_1624,Battery,Cell,Process,5,5,1,3,4,High,17,11,0.3852735357877182
ECR_1625,Battery,Controller,Design,1,2,0,5,4,High,2,9,0.32880937580827513
ECR_1626,Chassis,Cell,Design,8,3,3,1,2,High,20,6,0.3633692791840194
ECR_1627,Battery,Sensor,Design,1,1,2,1,2,Medium,8,4,0.3064856461241919
ECR_1628,Chassis,Frame,Process,4,4,1,4,2,Medium,15,5,0.35328577460945493
ECR_1629,Chassis,Valve,Process,9,5,2,3,4,Medium,28,12,0.39394206090901596
ECR_1630,Display,Connector,Supplier,9,5,1,1,7,Low,27,18,0.41426267048517607
ECR_1631,Engine,Sensor,Process,5,3,0,5,1,High,14,3,0.3401437159305538
ECR_1632,Chassis,Valve,Process,4,3,2,3,7,High,10,20,0.3639461728937665
ECR_1633,PCB,Sensor,Design,3,2,0,4,2,Medium,8,4,0.32680271281249296
ECR_1634,Engine,Sensor,Supplier,3,2,3,5,3,Low,6,7,0.3372557640986931
ECR_1635,Engine,Connector,Process,5,5,2,2,7,Low,19,14,0.39571127753778956
ECR_1636,Engine,Frame,Process,10,3,4,4,1,Low,18,6,0.37333803263277127
ECR_1637,Display,Cell,Design,1,1,1,5,3,Medium,2,6,0.31038381932165116
ECR_1638,Chassis,Controller,Design,5,4,0,1,1,Low,21,2,0.3549340193380912
ECR_1639,Display,Frame,Process,6,3,0,2,2,Low,13,6,0.36350896050769277
ECR_1640,Chassis,Controller,Supplier,7,3,4,4,7,Low,17,21,0.3919875736595373
ECR_1641,Display,Connector,Supplier,9,2,0,1,6,High,16,18,0.3736268155707226
ECR_1642,Display,Connector,Design,3,4,5,2,5,Medium,16,13,0.3599579803691425
ECR_1643,PCB,Connector,Design,2,5,0,3,2,High,15,4,0.3634873519464056
ECR_1644,Display,Valve,Process,3,3,3,1,4,High,9,10,0.35225775213126287
ECR_1645,Battery,Controller,Design,9,5,2,5,6,Medium,26,14,0.4090463495679799
ECR_1646,PCB,Frame,Process,7,3,1,4,4,High,11,12,0.36848794165221965
ECR_1647,Display,Frame,Supplier,9,5,1,2,1,Low,25,5,0.3861372988930287
ECR_1648,Engine,Sensor,Supplier,2,4,1,1,4,Low,18,11,0.3561999675256334
ECR_1649,Battery,Sensor,Process,5,2,2,3,6,Low,4,12,0.35733419435467406
ECR_1650,Battery,Sensor,Design,4,4,3,4,6,Low,14,12,0.37418399746125974
ECR_1651,Battery,Connector,Supplier,2,1,2,4,2,Medium,6,6,0.3121588958164346
ECR_1652,PCB,Frame,Design,9,2,3,1,3,High,16,12,0.3658437025483764
ECR_1653,Display,Controller,Supplier,9,4,3,3,2,High,22,10,0.37631216214518826
ECR_1654,Display,Connector,Process,6,1,1,2,1,Low,11,4,0.3236612671319241
ECR_1655,Engine,Valve,Process,6,3,2,1,4,Low,16,9,0.3723768788185514
ECR_1656,Engine,Sensor,Process,8,3,2,2,3,High,16,11,0.36965212200616815
ECR_1657,Battery,Connector,Supplier,6,5,2,4,7,Medium,23,15,0.40848527329861994
ECR_1658,Engine,Connector,Design,1,2,4,2,5,High,6,9,0.3253385863940831
ECR_1659,PCB,Valve,Design,4,3,1,3,6,Low,14,14,0.3577526348209826
ECR_1660,Display,Cell,Design,7,2,0,5,3,Low,14,9,0.3573339738712807
ECR_1661,Battery,Frame,Supplier,2,3,1,3,7,Medium,8,16,0.35965633703206573
ECR_1662,Engine,Controller,Supplier,9,5,2,2,3,High,24,9,0.38921154968472893
ECR_1663,PCB,Cell,Supplier,8,4,0,1,2,Medium,25,8,0.38068247678645156
ECR_1664,PCB,Sensor,Supplier,8,5,1,4,7,Medium,21,17,0.4056505333538456
ECR_1665,Engine,Connector,Supplier,7,1,0,5,5,Low,12,12,0.36099275351556037
ECR_1666,Display,Valve,Design,4,3,2,1,6,High,9,16,0.36464782585211286
ECR_1667,Engine,Valve,Supplier,2,1,2,1,1,Low,10,2,0.30465034717202055
ECR_1668,Battery,Frame,Supplier,3,1,3,3,1,High,5,1,0.3116563074066543
ECR_1669,Engine,Cell,Design,6,2,0,2,3,Low,15,12,0.3568607651395537
ECR_1670,PCB,Frame,Supplier,5,3,5,3,7,Low,18,18,0.3735112648247747
ECR_1671,Engine,Connector,Design,8,1,5,2,3,High,13,8,0.3548617043566983
ECR_1672,Display,Frame,Design,6,4,1,3,4,High,18,11,0.38200220042399163
ECR_1673,Chassis,Controller,Process,6,1,4,1,5,Low,15,9,0.34959788375072004
ECR_1674,Engine,Valve,Process,1,4,2,4,6,High,8,15,0.358884035235369
ECR_1675,Display,Valve,Process,4,2,3,2,3,Low,12,7,0.3379751593120996
ECR_1676,Display,Sensor,Process,5,1,2,5,4,High,8,10,0.34176048812160925
ECR_1677,PCB,Sensor,Supplier,3,5,3,5,7,Low,15,10,0.3925296501200003
ECR_1678,Display,Connector,Process,9,2,2,1,5,Low,17,12,0.3688648180034684
ECR_1679,Display,Controller,Design,1,4,2,3,6,Low,10,12,0.3610957617982704
ECR_1680,Display,Cell,Supplier,6,2,2,3,1,Medium,15,4,0.34087939713429133
ECR_1681,Display,Frame,Process,6,1,2,1,4,High,11,10,0.3359790644515152
ECR_1682,Battery,Connector,Design,10,3,0,5,7,Low,24,16,0.3955626713400989
ECR_1683,Battery,Sensor,Supplier,5,3,4,5,5,Medium,13,12,0.36158729446656185
ECR_1684,PCB,Frame,Supplier,5,4,4,3,4,Low,18,10,0.3738201476640012
ECR_1685,Engine,Sensor,Process,10,4,1,2,3,Medium,23,11,0.3946947545560041
ECR_1686,Display,Frame,Supplier,5,3,3,4,2,Low,17,5,0.34062310800040885
ECR_1687,Engine,Cell,Design,6,4,0,2,1,Low,23,4,0.36319601041477584
ECR_1688,Engine,Connector,Supplier,8,2,2,5,3,Medium,13,11,0.36254963992410183
ECR_1689,PCB,Frame,Design,2,5,0,2,3,Medium,15,9,0.36289193338235287
ECR_1690,Display,Controller,Supplier,6,5,3,4,7,High,14,17,0.4007637298214882
ECR_1691,Display,Valve,Process,1,2,2,2,7,High,2,16,0.349752199225647
ECR_1692,Chassis,Controller,Design,4,5,1,2,5,Medium,16,14,0.38585760347726356
ECR_1693,Engine,Controller,Supplier,10,1,0,2,7,High,17,16,0.3718306716805313
ECR_1694,Engine,Valve,Supplier,3,2,0,2,4,Medium,11,6,0.3397563784836387
ECR_1695,Battery,Controller,Supplier,9,4,4,1,1,High,22,4,0.37372755627033394
ECR_1696,Chassis,Frame,Design,3,2,2,5,3,Low,12,5,0.33213626448462313
ECR_1697,Battery,Frame,Design,6,3,2,4,5,High,15,14,0.3677274597632286
ECR_1698,Battery,Frame,Design,1,4,3,5,1,Low,11,1,0.335933918131687
ECR_1699,Battery,Valve,Process,6,3,5,1,7,Low,18,19,0.37351695620895814
ECR_1700,PCB,Controller,Process,4,4,3,1,7,High,16,16,0.38335311030042396
ECR_1701,PCB,Valve,Design,8,5,0,1,4,Medium,24,9,0.3931543896458058
ECR_1702,Battery,Frame,Supplier,9,2,0,1,7,Low,22,18,0.3893732333979457
ECR_1703,Chassis,Controller,Process,4,1,2,2,3,Low,7,7,0.3269003441498242
ECR_1704,Engine,Controller,Design,10,4,2,5,6,High,16,15,0.40162943194509415
ECR_1705,Chassis,Sensor,Supplier,10,4,2,3,3,Medium,29,11,0.3852726832691382
ECR_1706,Display,Sensor,Process,6,3,3,4,3,Medium,14,10,0.35692822695357246
ECR_1707,PCB,Cell,Supplier,1,5,0,1,7,High,9,17,0.37099285062275844
ECR_1708,Engine,Connector,Supplier,4,3,0,5,1,Medium,15,5,0.3421737359454733
ECR_1709,Engine,Sensor,Supplier,7,3,3,1,7,High,17,18,0.3902355365984244
ECR_1710,Display,Valve,Supplier,1,5,2,1,1,High,11,2,0.34693934044841757
ECR_1711,Display,Sensor,Process,8,1,3,1,1,High,16,5,0.3396128881751638
ECR_1712,Battery,Cell,Process,10,3,1,1,1,Low,27,9,0.37243443722055514
ECR_1713,PCB,Controller,Process,6,3,3,1,5,Low,18,13,0.36981790188295527
ECR_1714,PCB,Cell,Design,5,4,3,4,2,Low,18,7,0.3601428667247924
ECR_1715,Chassis,Controller,Process,10,5,1,5,7,High,20,21,0.4184668053086711
ECR_1716,Battery,Controller,Supplier,9,2,3,1,5,Low,22,13,0.37918295631559773
ECR_1717,Battery,Connector,Process,2,1,4,1,3,Low,6,6,0.3071703421632664
ECR_1718,Battery,Sensor,Supplier,5,1,2,1,5,Low,9,11,0.33433575983401087
ECR_1719,Battery,Valve,Design,6,5,1,1,4,High,15,10,0.3901361221787726
ECR_1720,PCB,Valve,Supplier,7,4,4,2,6,High,14,17,0.38901736432972644
ECR_1721,PCB,Frame,Supplier,5,4,1,2,1,High,17,3,0.3595861692259884
ECR_1722,Battery,Controller,Supplier,9,5,1,3,7,Low,26,16,0.41195960677223925
ECR_1723,Chassis,Valve,Design,1,4,3,1,4,Medium,12,6,0.35837122066441524
ECR_1724,Engine,Connector,Process,7,1,1,3,7,Low,15,19,0.3643174067232019
ECR_1725,Engine,Controller,Process,10,1,4,4,6,Low,15,17,0.3772469577353005
ECR_1726,Chassis,Connector,Design,7,2,3,3,4,High,14,11,0.3577642687605886
ECR_1727,Battery,Valve,Supplier,4,5,0,5,7,High,12,17,0.3855143415642213
ECR_1728,PCB,Valve,Process,9,3,2,2,3,Low,20,10,0.36629535709964794
ECR_1729,Engine,Frame,Design,5,3,3,2,1,Low,13,5,0.34892852028131677
ECR_1730,Display,Valve,Process,4,2,2,1,4,Medium,12,9,0.3469770878771712
ECR_1731,Display,Controller,Design,7,2,1,1,3,Medium,17,8,0.35546846289972256
ECR_1732,Chassis,Controller,Supplier,4,4,4,4,1,High,14,4,0.3443069208310934
ECR_1733,Battery,Controller,Process,3,2,1,4,2,Medium,8,5,0.3370773300004224
ECR_1734,Engine,Frame,Design,9,2,1,5,3,Medium,13,10,0.3655293629677062
ECR_1735,Battery,Frame,Process,8,3,0,1,5,High,23,13,0.38351444415067915
ECR_1736,Engine,Valve,Process,1,4,3,1,7,Medium,13,14,0.3649850641489758
ECR_1737,Chassis,Cell,Process,7,2,0,4,1,Low,16,4,0.3395528922640086
ECR_1738,Chassis,Cell,Process,9,2,2,4,4,Medium,16,12,0.3749621818059256
ECR_1739,Display,Frame,Design,8,4,1,4,6,High,19,17,0.3972538422226094
ECR_1740,Battery,Valve,Supplier,8,5,1,2,4,Low,28,12,0.39409295013038226
ECR_1741,Display,Cell,Design,6,4,2,3,5,Medium,16,14,0.3821683526618906
ECR_1742,Battery,Valve,Design,4,3,4,3,7,Low,14,16,0.37408771771126076
ECR_1743,Display,Valve,Design,8,5,4,1,5,Low,24,16,0.40330103028489783
ECR_1744,PCB,Valve,Supplier,3,1,3,2,4,Medium,14,9,0.32144336890795405
ECR_1745,PCB,Sensor,Process,9,4,4,4,7,Medium,25,20,0.3975489910760923
ECR_1746,PCB,Controller,Process,2,3,1,1,6,High,7,10,0.35866424564836
ECR_1747,PCB,Valve,Process,2,5,2,2,1,High,11,6,0.34651939943230986
ECR_1748,Engine,Sensor,Supplier,7,4,1,5,7,Low,19,16,0.3897569370077941
ECR_1749,PCB,Frame,Process,10,2,1,2,3,High,21,10,0.37186052114873025
ECR_1750,Chassis,Cell,Supplier,4,4,4,1,7,Low,21,20,0.3746052804642953
ECR_1751,Chassis,Controller,Process,10,1,2,3,5,Low,20,13,0.36760429393585453
ECR_1752,Engine,Cell,Process,8,4,0,4,5,High,17,10,0.3942613492475935
ECR_1753,PCB,Controller,Design,9,5,3,5,5,High,16,11,0.3974292909071758
ECR_1754,PCB,Cell,Supplier,7,5,1,2,6,High,19,13,0.3931586812015217
ECR_1755,PCB,Controller,Design,5,4,2,1,7,Medium,18,14,0.37694501783975604
ECR_1756,Display,Cell,Design,8,5,2,1,7,Low,20,18,0.40569417584657697
ECR_1757,Battery,Cell,Design,4,2,0,4,2,Low,12,6,0.33541357619529855
ECR_1758,Display,Cell,Supplier,2,4,2,1,6,Low,14,12,0.36190606034372547
ECR_1759,Battery,Cell,Supplier,6,2,5,1,1,High,10,3,0.3475167453216288
ECR_1760,PCB,Frame,Process,9,2,2,4,1,High,19,7,0.35727654876024256
ECR_1761,PCB,Valve,Design,1,3,3,5,1,High,4,3,0.3249059097405391
ECR_1762,Display,Connector,Process,10,4,0,3,1,High,22,8,0.3863370447508884
ECR_1763,Display,Sensor,Design,7,5,2,3,1,High,19,6,0.3683459649607743
ECR_1764,Battery,Connector,Supplier,10,2,1,2,4,Medium,23,12,0.3793328576189125
ECR_1765,Chassis,Connector,Supplier,9,3,3,5,5,High,16,15,0.3838187068168749
ECR_1766,Battery,Controller,Supplier,10,4,2,2,6,Low,20,15,0.4027233867801633
ECR_1767,Display,Valve,Design,9,4,1,3,4,High,21,10,0.39305535627083416
ECR_1768,Display,Controller,Supplier,10,1,2,4,6,Low,21,15,0.37293745709564813
ECR_1769,Engine,Valve,Design,3,1,1,1,2,High,7,8,0.3209095176834379
ECR_1770,Display,Valve,Process,5,2,2,3,7,High,12,13,0.3645004457151446
ECR_1771,Engine,Cell,Design,8,1,5,5,3,Low,13,11,0.3515322588671459
ECR_1772,Chassis,Frame,Process,8,2,3,3,5,Low,16,13,0.36746459785231084
ECR_1773,Battery,Cell,Design,4,5,4,5,2,Low,19,5,0.36963381179959076
ECR_1774,Battery,Frame,Process,1,2,2,5,4,Low,4,8,0.31977910548452326
ECR_1775,Engine,Controller,Supplier,1,1,2,5,3,Medium,3,7,0.3182044627757721
ECR_1776,Battery,Frame,Process,4,5,0,2,7,Low,20,14,0.38054380128761633
ECR_1777,Display,Controller,Supplier,6,1,2,4,2,High,10,6,0.3312327590400548
ECR_1778,PCB,Connector,Supplier,8,2,1,3,7,High,11,19,0.3826117952764547
ECR_1779,Engine,Connector,Process,6,3,1,4,7,Medium,20,19,0.36993165214482354
ECR_1780,Battery,Frame,Design,9,4,2,1,6,Low,26,13,0.4008324037235786
ECR_1781,Engine,Frame,Design,9,1,3,3,3,High,14,9,0.34814327075566076
ECR_1782,Engine,Controller,Design,2,2,1,4,6,Medium,12,12,0.34015465076148543
ECR_1783,PCB,Cell,Design,10,5,2,4,7,High,24,19,0.41492463088496
ECR_1784,Display,Controller,Design,1,1,1,1,2,Medium,6,3,0.30328333448860667
ECR_1785,Engine,Cell,Supplier,2,1,2,5,7,Medium,3,19,0.3313519479871242
ECR_1786,Battery,Connector,Design,5,4,1,3,4,Low,15,7,0.38035593730233075
ECR_1787,Chassis,Valve,Supplier,4,2,1,3,7,Medium,9,15,0.3590876425974825
ECR_1788,Engine,Frame,Supplier,4,3,3,1,6,High,11,15,0.3588128877663548
ECR_1789,Engine,Cell,Supplier,9,5,3,5,3,High,23,9,0.3921893803177865
ECR_1790,PCB,Controller,Process,8,2,1,3,2,Low,18,9,0.3551833051419572
ECR_1791,Display,Connector,Process,6,5,0,3,6,Low,22,15,0.3931065259876557
ECR_1792,Chassis,Cell,Supplier,1,1,3,3,7,Medium,3,16,0.32866579112866506
ECR_1793,Battery,Controller,Process,2,4,3,5,4,Low,13,9,0.35050384159709713
ECR_1794,Chassis,Frame,Design,6,4,3,1,5,High,19,13,0.3859285820479457
ECR_1795,Battery,Frame,Design,2,3,0,3,4,High,8,9,0.33798643521651134
ECR_1796,Display,Sensor,Supplier,10,4,0,4,7,Low,25,19,0.4000151455721468
ECR_1797,Battery,Valve,Design,5,1,0,5,4,Low,12,12,0.3380602259332463
ECR_1798,PCB,Sensor,Supplier,5,3,4,2,5,Low,13,13,0.3553414180993025
ECR_1799,PCB,Connector,Supplier,6,2,1,1,4,Medium,20,10,0.350451132978281
ECR_1800,PCB,Cell,Design,6,4,3,4,5,Medium,17,17,0.3737403140079345
ECR_1801,PCB,Connector,Process,6,3,0,3,7,High,16,14,0.3737840567926718
ECR_1802,Chassis,Controller,Design,2,1,0,2,5,Medium,10,10,0.330347648921859
ECR_1803,Display,Frame,Design,10,5,4,1,6,Medium,24,17,0.41628528484821936
ECR_1804,Battery,Sensor,Supplier,3,5,1,5,6,Medium,17,11,0.37597049178970565
ECR_1805,Battery,Sensor,Supplier,6,1,2,2,5,Medium,16,13,0.3495280892534725
ECR_1806,PCB,Sensor,Supplier,8,1,4,2,2,High,12,8,0.34072139682623154
ECR_1807,PCB,Connector,Supplier,1,5,1,4,3,Low,14,5,0.3570041931875155
ECR_1808,Engine,Frame,Process,1,3,0,1,2,High,10,5,0.3226116815499819
ECR_1809,Display,Cell,Process,2,5,1,4,5,Medium,15,9,0.37082620323559357
ECR_1810,Chassis,Controller,Process,6,1,2,4,3,Low,11,8,0.34120540298087676
ECR_1811,Battery,Cell,Supplier,9,4,1,3,6,Low,26,15,0.41167989584926434
ECR_1812,Engine,Connector,Supplier,4,2,1,5,3,Low,12,6,0.33122778453371315
ECR_1813,Engine,Controller,Supplier,3,4,1,2,5,High,13,10,0.37827880224456334
ECR_1814,Battery,Sensor,Process,8,4,3,1,6,Low,23,17,0.3987834230529433
ECR_1815,Chassis,Valve,Supplier,10,1,1,5,3,High,12,12,0.36913657353070334
ECR_1816,Engine,Connector,Design,9,5,1,5,3,High,21,11,0.39952632569626123
ECR_1817,Engine,Connector,Design,5,3,3,1,2,Medium,21,7,0.34528229895485835
ECR_1818,Display,Frame,Supplier,9,4,1,5,3,Medium,20,8,0.38828920003244505
ECR_1819,Chassis,Cell,Design,2,5,2,3,7,Low,14,17,0.37667173630272505
ECR_1820,Engine,Connector,Design,3,3,0,5,5,Low,14,11,0.3545592766215403
ECR_1821,Chassis,Connector,Process,7,4,1,3,1,Medium,20,2,0.35912657453022717
ECR_1822,Battery,Sensor,Supplier,7,3,3,2,1,High,17,5,0.3516065116943119
ECR_1823,PCB,Sensor,Supplier,6,5,1,2,1,High,16,3,0.374484882691528
ECR_1824,Engine,Controller,Process,6,2,4,4,5,Medium,12,12,0.3621897825342448
ECR_1825,Display,Valve,Design,2,5,2,3,1,High,11,1,0.3551211511696361
ECR_1826,Battery,Frame,Design,10,1,0,2,2,Medium,22,9,0.3480109399875768
ECR_1827,Chassis,Valve,Supplier,6,3,4,5,5,Medium,15,12,0.3606477955528532
ECR_1828,Battery,Controller,Design,4,2,2,1,7,Low,14,18,0.36550857856084557
ECR_1829,Engine,Sensor,Process,3,3,1,1,6,Low,12,12,0.3651383643484397
ECR_1830,Chassis,Cell,Process,2,3,1,3,7,Medium,12,14,0.36105768722645853
ECR_1831,PCB,Sensor,Supplier,1,4,2,4,5,Low,12,12,0.35709612824375514
ECR_1832,Battery,Frame,Process,5,1,1,5,5,Medium,10,12,0.3493251907256543
ECR_1833,Engine,Sensor,Process,2,3,2,3,3,High,10,6,0.3409076204629407
ECR_1834,Display,Frame,Supplier,2,5,2,1,3,High,13,5,0.362683336240512
ECR_1835,Chassis,Frame,Process,7,5,1,3,3,High,21,9,0.38907411360124056
ECR_1836,Battery,Frame,Process,8,4,1,5,4,High,18,13,0.3845324275182427
ECR_1837,Battery,Controller,Process,10,1,5,2,2,Medium,17,10,0.3532720255496477
ECR_1838,PCB,Frame,Design,8,1,1,5,5,High,6,14,0.3619102651787977
ECR_1839,PCB,Frame,Supplier,4,5,6,2,7,High,12,13,0.4013230701537891
ECR_1840,Display,Cell,Supplier,1,2,4,2,5,High,1,12,0.3307615817887428
ECR_1841,Display,Valve,Supplier,7,4,2,2,3,High,18,9,0.3728462992062307
ECR_1842,Engine,Connector,Design,1,4,1,3,5,Medium,11,11,0.34621794646807724
ECR_1843,Engine,Valve,Design,4,5,1,1,6,High,16,11,0.3871740169846149
ECR_1844,Display,Frame,Supplier,8,5,3,3,5,Low,21,11,0.39735033104127915
ECR_1845,Display,Cell,Design,2,2,2,1,7,Low,12,15,0.3429983382760772
ECR_1846,Chassis,Sensor,Supplier,6,2,1,5,1,Low,15,4,0.33968204757383225
ECR_1847,PCB,Cell,Design,6,1,4,4,6,Low,13,16,0.36247315782525136
ECR_1848,Engine,Frame,Process,9,4,2,5,6,Low,21,15,0.39823987009367856
ECR_1849,PCB,Cell,Process,5,4,1,3,5,Low,17,13,0.3736974298302881
ECR_1850,PCB,Cell,Supplier,10,5,3,3,4,Medium,29,13,0.41227853464118147
ECR_1851,Display,Frame,Design,4,1,2,1,3,Low,7,9,0.32997495897718965
ECR_1852,Chassis,Controller,Design,5,4,4,3,2,High,14,7,0.35396179848297626
ECR_1853,Battery,Cell,Process,10,1,4,2,2,Low,18,9,0.35844499594681284
ECR_1854,Chassis,Connector,Process,5,1,1,3,1,Medium,14,5,0.3306229664736158
ECR_1855,Chassis,Connector,Design,8,5,4,1,2,Low,25,8,0.3839981240811784
ECR_1856,PCB,Cell,Design,10,1,0,1,2,High,18,11,0.35565246509857684
ECR_1857,Chassis,Controller,Design,8,2,3,2,3,High,18,7,0.35344406083241575
ECR_1858,Engine,Sensor,Design,2,2,3,1,3,Medium,11,7,0.3256470633658154
ECR_1859,PCB,Frame,Design,7,3,2,4,4,Medium,16,11,0.36833480196876434
ECR_1860,Engine,Connector,Design,8,5,3,5,7,Medium,26,19,0.4103846530260269
ECR_1861,Battery,Sensor,Supplier,6,3,1,3,1,Medium,18,4,0.34690126135369537
ECR_1862,PCB,Cell,Design,5,2,4,4,2,Low,15,6,0.33814610367645787
ECR_1863,Battery,Sensor,Process,9,3,3,3,4,Low,23,12,0.37938091453408296
ECR_1864,PCB,Valve,Supplier,3,5,0,4,1,High,11,3,0.3500098719683752
ECR_1865,Display,Connector,Design,10,5,2,3,6,Medium,31,16,0.4136559955127129
ECR_1866,Chassis,Cell,Process,4,1,1,2,2,Medium,6,5,0.3307796998310533
ECR_1867,Display,Frame,Supplier,9,4,0,1,2,Low,20,8,0.3770198880175041
ECR_1868,Battery,Controller,Process,6,1,3,1,3,Medium,13,11,0.33549534527575314
ECR_1869,Chassis,Cell,Design,8,5,1,2,5,High,22,12,0.41042562230638513
ECR_1870,PCB,Frame,Design,7,2,1,4,1,High,14,5,0.34612801245859626
ECR_1871,Chassis,Controller,Design,2,2,1,5,2,Medium,6,5,0.3211358083894541
ECR_1872,Engine,Controller,Design,3,1,4,4,1,High,5,0,0.31821750268298593
ECR_1873,Chassis,Cell,Supplier,1,5,3,1,7,High,12,17,0.37628053622535357
ECR_1874,Engine,Sensor,Supplier,9,2,0,5,4,Low,22,12,0.36714906832425953
ECR_1875,Chassis,Sensor,Process,7,5,1,3,4,High,19,12,0.38975524091845926
ECR_1876,Engine,Controller,Design,1,2,4,5,5,Medium,3,12,0.33354280329526476
ECR_1877,Battery,Sensor,Process,3,5,2,4,2,Medium,18,7,0.36495041581996845
ECR_1878,Display,Valve,Supplier,4,3,1,2,7,High,11,14,0.37340671212827375
ECR_1879,PCB,Controller,Design,4,5,2,3,3,Medium,18,6,0.35928527719153425
ECR_1880,Chassis,Controller,Design,5,5,1,4,2,Low,18,5,0.3795145448309948
ECR_1881,Display,Frame,Supplier,3,1,3,3,1,High,6,2,0.3135584156512992
ECR_1882,PCB,Sensor,Supplier,3,3,3,5,6,High,5,11,0.36861181593025916
ECR_1883,PCB,Controller,Supplier,1,4,6,1,4,High,5,7,0.3535802556763153
ECR_1884,Engine,Valve,Supplier,7,1,1,4,1,Medium,16,4,0.33624114967538715
ECR_1885,Battery,Frame,Supplier,10,4,3,2,5,Medium,26,15,0.3995291870319991
ECR_1886,Battery,Cell,Design,1,2,1,5,4,High,6,8,0.3437938862390552
ECR_1887,Display,Controller,Supplier,2,4,4,4,3,Medium,15,6,0.34864175223796584
ECR_1888,Battery,Valve,Design,4,5,2,2,4,Medium,17,9,0.3716433444826768
ECR_1889,Chassis,Connector,Design,4,4,3,4,6,High,12,11,0.37209345486441325
ECR_1890,Battery,Valve,Supplier,5,1,1,5,7,High,8,15,0.3550052958398091
ECR_1891,Display,Valve,Supplier,2,1,2,4,2,Medium,6,6,0.3149965687661276
ECR_1892,Battery,Frame,Design,4,4,2,3,6,High,12,11,0.38002011986168216
ECR_1893,Chassis,Cell,Supplier,1,1,2,5,7,High,1,13,0.3387912451710598
ECR_1894,Engine,Connector,Supplier,2,1,1,4,6,High,6,16,0.33879745343227
ECR_1895,Display,Sensor,Supplier,1,4,4,1,2,High,9,5,0.33885881003424184
ECR_1896,Engine,Sensor,Process,10,3,1,4,4,Medium,23,12,0.38838261054005624
ECR_1897,Engine,Valve,Design,10,3,1,3,5,High,20,17,0.39390648321340854
ECR_1898,Engine,Frame,Process,4,2,2,2,2,Low,12,6,0.33460336940757424
ECR_1899,PCB,Frame,Supplier,4,1,2,2,2,High,8,5,0.3263960007436138
ECR_1900,PCB,Sensor,Process,7,4,5,2,7,Low,18,21,0.39890015696412523
ECR_1901,Engine,Connector,Supplier,10,1,0,1,3,High,19,12,0.36105582650504514
ECR_1902,Display,Cell,Process,9,5,0,3,4,Low,27,13,0.40153289137574233
ECR_1903,Chassis,Connector,Supplier,9,1,2,5,2,Low,19,8,0.3570354762020739
ECR_1904,Chassis,Controller,Process,5,1,1,2,5,High,8,13,0.3460950676173758
ECR_1905,Battery,Controller,Process,10,3,4,3,1,High,20,4,0.366961339583273
ECR_1906,Display,Cell,Process,1,4,4,4,4,High,8,5,0.3432715999438223
ECR_1907,PCB,Sensor,Design,1,1,2,1,3,Low,6,6,0.31556575476983284
ECR_1908,Engine,Cell,Process,6,3,1,3,6,Medium,13,15,0.3733426643667588
ECR_1909,Battery,Frame,Design,2,2,1,3,2,Medium,8,3,0.3290415696549846
ECR_1910,Chassis,Controller,Supplier,8,3,4,5,5,High,15,10,0.3878884904934632
ECR_1911,PCB,Valve,Process,9,3,1,3,4,Medium,22,13,0.37485147438344385
ECR_1912,PCB,Valve,Supplier,4,3,8,5,5,Medium,15,10,0.35557076378322655
ECR_1913,Engine,Sensor,Supplier,5,1,0,1,5,High,10,12,0.3448792044520985
ECR_1914,Chassis,Frame,Process,8,1,1,1,7,Low,19,17,0.3660003406420389
ECR_1915,Display,Connector,Design,3,2,3,4,6,High,9,16,0.34888987034530067
ECR_1916,PCB,Frame,Process,5,5,1,5,3,Medium,14,9,0.37231913390549665
ECR_1917,Engine,Valve,Supplier,3,5,3,5,4,Low,14,7,0.3649611110486518
ECR_1918,Display,Valve,Supplier,10,5,2,2,2,Medium,28,9,0.3991294269083798
ECR_1919,Chassis,Controller,Process,3,2,2,2,3,Low,15,5,0.335376410223215
ECR_1920,PCB,Frame,Design,3,5,1,4,2,Medium,17,6,0.36915184364687803
ECR_1921,Display,Frame,Design,7,5,2,1,1,High,21,5,0.3767950332047719
ECR_1922,Display,Valve,Supplier,7,3,0,2,5,Medium,17,17,0.38144266169524244
ECR_1923,Display,Connector,Supplier,7,1,1,3,1,Medium,15,3,0.3313560169278143
ECR_1924,PCB,Sensor,Design,10,1,0,1,7,Low,19,22,0.3762939643239896
ECR_1925,PCB,Sensor,Process,8,3,5,3,5,Medium,17,12,0.39110435303486446
ECR_1926,Battery,Frame,Supplier,5,3,4,5,6,High,9,17,0.36695542035202144
ECR_1927,Chassis,Sensor,Design,5,3,3,1,3,High,17,6,0.35025425224587065
ECR_1928,Engine,Valve,Supplier,4,1,1,4,2,High,4,7,0.3191437692848134
ECR_1929,Display,Valve,Process,7,5,2,5,7,Low,22,18,0.4145787528234827
ECR_1930,Battery,Frame,Design,10,3,1,5,6,Low,19,15,0.393626514801677
ECR_1931,Engine,Frame,Supplier,4,2,4,3,2,Medium,11,7,0.3370169604005028
ECR_1932,Battery,Controller,Process,2,3,1,5,3,Medium,10,4,0.3407569860974502
ECR_1933,PCB,Frame,Supplier,4,4,0,2,4,Medium,17,9,0.3613829522583863
ECR_1934,Display,Connector,Process,8,3,3,1,7,Low,19,21,0.38851848501247943
ECR_1935,Engine,Sensor,Process,9,1,1,2,1,Low,16,5,0.34922841935347415
ECR_1936,Engine,Frame,Design,3,3,3,3,1,Medium,10,2,0.32887071140770935
ECR_1937,Engine,Cell,Process,7,4,0,3,2,Low,22,5,0.37337084120295705
ECR_1938,Engine,Controller,Supplier,9,2,2,1,2,Low,22,9,0.3671701883226079
ECR_1939,Engine,Cell,Process,4,5,2,5,2,High,12,4,0.36646187669994
ECR_1940,Battery,Valve,Process,10,3,1,4,7,High,19,18,0.40666700117166366
ECR_1941,Display,Sensor,Design,3,4,3,3,3,Medium,14,9,0.34814293318889533
ECR_1942,PCB,Frame,Process,5,4,3,1,4,Medium,15,10,0.3608497877365816
ECR_1943,PCB,Cell,Process,1,2,1,4,1,High,8,3,0.3162132217002876
ECR_1944,PCB,Sensor,Supplier,3,1,1,5,6,Low,4,18,0.33706827477870377
ECR_1945,PCB,Valve,Design,8,3,3,3,5,Medium,24,14,0.38439382480829976
ECR_1946,Battery,Connector,Design,8,4,1,1,7,Medium,24,19,0.39844778009728166
ECR_1947,Chassis,Controller,Design,4,2,0,1,7,Medium,11,14,0.3607359618747926
ECR_1948,Display,Sensor,Process,2,5,1,1,3,Low,16,9,0.3604049191403725
ECR_1949,Engine,Sensor,Design,8,4,3,3,1,High,21,6,0.37056441997450273
ECR_1950,Chassis,Connector,Process,8,2,4,4,4,Medium,18,8,0.36228677256093594
ECR_1951,PCB,Sensor,Process,10,1,2,1,3,High,19,10,0.3531767593418156
ECR_1952,Chassis,Valve,Supplier,4,1,0,5,6,High,5,16,0.34390404227640586
ECR_1953,Display,Valve,Supplier,3,4,2,1,1,Low,16,2,0.35225020852515826
ECR_1954,Engine,Connector,Supplier,2,4,1,4,3,Low,14,7,0.34695585853769007
ECR_1955,Engine,Controller,Supplier,9,3,3,3,1,Low,23,5,0.3619282670063704
ECR_1956,Display,Frame,Supplier,1,2,2,1,1,Low,7,3,0.31578823713434245
ECR_1957,Display,Cell,Process,7,4,2,1,7,Low,22,20,0.38911448745678945
ECR_1958,PCB,Frame,Process,5,3,2,5,4,Low,14,9,0.36501744083512166
ECR_1959,Engine,Sensor,Design,8,3,0,5,7,Medium,17,15,0.384591322731061
ECR_1960,Chassis,Cell,Process,4,4,3,1,5,High,11,13,0.36855351392451324
ECR_1961,Battery,Connector,Process,7,1,2,1,4,Low,12,11,0.36269454186813366
ECR_1962,Battery,Connector,Supplier,5,2,0,5,1,Medium,11,4,0.32928717881472125
ECR_1963,Display,Controller,Process,5,2,2,4,3,High,9,7,0.35236185358763683
ECR_1964,PCB,Cell,Supplier,9,1,2,2,6,Low,17,17,0.37060624083595733
ECR_1965,Battery,Valve,Design,9,4,2,2,4,Low,26,11,0.39131159068741195
ECR_1966,Engine,Cell,Design,9,2,2,1,5,Medium,20,17,0.37095319383874664
ECR_1967,Display,Sensor,Process,6,4,3,5,1,High,14,5,0.3639937530561739
ECR_1968,Chassis,Valve,Design,6,4,1,3,6,Low,18,13,0.38317037593542436
ECR_1969,Display,Connector,Process,5,3,2,3,4,High,12,10,0.354261074263263
ECR_1970,Chassis,Cell,Design,9,1,2,2,7,Medium,19,21,0.38227830201571444
ECR_1971,Display,Frame,Supplier,10,4,3,4,7,Low,22,24,0.40807075553635547
ECR_1972,Display,Controller,Supplier,8,5,2,2,4,High,23,11,0.38570308276422155
ECR_1973,Display,Frame,Supplier,7,1,4,1,4,Medium,17,10,0.3486564654937535
ECR_1974,Chassis,Controller,Supplier,7,2,2,4,4,Medium,18,12,0.3640403475633005
ECR_1975,Chassis,Sensor,Process,6,3,1,3,6,Low,15,16,0.3782418090233333
ECR_1976,Display,Frame,Design,5,2,1,5,7,High,7,18,0.3617956043180931
ECR_1977,Battery,Cell,Process,4,2,0,5,3,Low,12,8,0.3351125943510739
ECR_1978,PCB,Cell,Supplier,3,1,2,1,5,Low,10,12,0.32816911395395526
ECR_1979,PCB,Frame,Process,3,2,4,2,5,High,10,10,0.34488618414160854
ECR_1980,PCB,Cell,Design,6,4,1,1,1,High,16,5,0.36075497870636297
ECR_1981,Chassis,Sensor,Process,4,2,0,5,2,High,5,3,0.33854480340368515
ECR_1982,Chassis,Valve,Design,6,3,2,3,3,Medium,20,12,0.35925482884726234
ECR_1983,Battery,Sensor,Process,3,3,0,5,7,Medium,8,13,0.3641066611717259
ECR_1984,PCB,Controller,Design,4,5,0,4,1,High,17,3,0.3586075346587047
ECR_1985,PCB,Sensor,Design,9,3,3,5,1,Medium,20,7,0.36576350849709355
ECR_1986,Display,Controller,Supplier,5,2,2,5,4,Low,13,10,0.3493316777218006
ECR_1987,Chassis,Cell,Design,7,3,3,4,2,High,10,7,0.36469543627757994
ECR_1988,PCB,Valve,Supplier,10,1,1,2,7,Low,22,17,0.3815542248588576
ECR_1989,Battery,Cell,Supplier,2,3,1,5,2,High,4,5,0.33554000969114656
ECR_1990,Battery,Connector,Supplier,5,4,2,1,3,Low,22,9,0.36479133772350575
ECR_1991,PCB,Cell,Process,9,1,4,5,2,High,11,7,0.345290877281483
ECR_1992,Chassis,Controller,Process,3,5,3,1,1,Low,16,4,0.3549967372895149
ECR_1993,Battery,Cell,Process,9,4,1,4,2,High,20,9,0.37676735890090407
ECR_1994,Display,Cell,Process,6,2,4,5,2,High,12,8,0.34673275513546153
ECR_1995,Battery,Valve,Design,4,2,1,4,5,Medium,9,12,0.34895570475223686
ECR_1996,Engine,Cell,Design,7,2,3,4,7,Low,20,21,0.38332157310712156
ECR_1997,Engine,Valve,Process,8,4,1,2,7,Medium,22,16,0.39369024653886237
ECR_1998,Chassis,Frame,Design,6,4,1,5,1,Low,17,5,0.34449740842312315
ECR_1999,PCB,Connector,Design,5,4,2,1,6,Medium,19,17,0.38133831518962213
